//  Tessent Shell  2022.2    Fri May 27 22:24:01 GMT 2022
//                Unpublished work. Copyright 2022 Siemens
//
//      This material contains trade secrets or otherwise confidential 
//  information owned by Siemens Industry Software Inc. or its affiliates 
//   (collectively, "SISW"), or its licensors. Access to and use of this 
//     information is strictly limited as set forth in the Customer's 
//                   applicable agreements with SISW. 
//
//  Siemens software executing under x86-64 Linux on Fri Apr 03 18:12:00 IST 2026.
//  64 bit version
//  Host: mavenserver-RH3 (255072 MB RAM, 122071 MB Swap)
//
SETUP> set_context dft -rtl -design_identifier pass2_rtl
SETUP> 
SETUP> set_tsdb_output_directory TSDB
TSDB
SETUP> 
SETUP> read_cell_library ../libs/adk.tcelllib
//  Reading DFT Library file ../libs/adk.tcelllib
//  Finished reading file ../libs/adk.tcelllib
SETUP> 
SETUP> open_tsdb ./TSDB
SETUP> 
SETUP> read_design msrv32_top -design_identifier pass1_rtl 
SETUP> 
SETUP> set_current_design msrv32_top -show_elaboration_warnings
//  Warning: Floating input 'control_chain_scan_out_fromCore' at instance 'msrv32_top_pass1_rtl_tessent_bscan_logical_group_DEF_inst' in module 'msrv32_top'
//  Warning: Floating input 'edt_channel_out1_p_fromCore' at instance 'msrv32_top_pass1_rtl_tessent_bscan_logical_group_DEF_inst' in module 'msrv32_top'
//  Warning: Floating input 'ms_riscv32_mp_data_htrans_out_1_fromCore' at instance 'msrv32_top_pass1_rtl_tessent_bscan_logical_group_DEF_inst' in module 'msrv32_top'
//  Warning: Floating input 'ms_riscv32_mp_dmaddr_out_31_fromCore' at instance 'msrv32_top_pass1_rtl_tessent_bscan_logical_group_DEF_inst' in module 'msrv32_top'
//  Warning: Floating input 'ms_riscv32_mp_dmdata_out_31_fromCore' at instance 'msrv32_top_pass1_rtl_tessent_bscan_logical_group_DEF_inst' in module 'msrv32_top'
//  Warning: Floating input 'ms_riscv32_mp_dmwr_mask_out_3_fromCore' at instance 'msrv32_top_pass1_rtl_tessent_bscan_logical_group_DEF_inst' in module 'msrv32_top'
//  Warning: Floating input 'ms_riscv32_mp_dmwr_req_out_fromCore' at instance 'msrv32_top_pass1_rtl_tessent_bscan_logical_group_DEF_inst' in module 'msrv32_top'
//  Warning: Floating input 'tdo_fromCore' at instance 'msrv32_top_pass1_rtl_tessent_bscan_logical_group_DEF_inst' in module 'msrv32_top'
//  Warning: Net 'ms_riscv32_mp_dmaddr_out_31_toPad_ts1[30]' in module 'msrv32_top' is not driven
//  Warning: Net 'ms_riscv32_mp_dmaddr_out_31_toPad_ts1[29]' in module 'msrv32_top' is not driven
//  Warning: Net 'ms_riscv32_mp_dmaddr_out_31_toPad_ts1[28]' in module 'msrv32_top' is not driven
//  Warning: Net 'ms_riscv32_mp_dmaddr_out_31_toPad_ts1[27]' in module 'msrv32_top' is not driven
//  Warning: Net 'ms_riscv32_mp_dmaddr_out_31_toPad_ts1[26]' in module 'msrv32_top' is not driven
//  Warning: Net 'ms_riscv32_mp_dmaddr_out_31_toPad_ts1[25]' in module 'msrv32_top' is not driven
//  Warning: Net 'ms_riscv32_mp_dmaddr_out_31_toPad_ts1[24]' in module 'msrv32_top' is not driven
//  Warning: Net 'ms_riscv32_mp_dmaddr_out_31_toPad_ts1[23]' in module 'msrv32_top' is not driven
//  Warning: Net 'ms_riscv32_mp_dmaddr_out_31_toPad_ts1[22]' in module 'msrv32_top' is not driven
//  Warning: Net 'ms_riscv32_mp_dmaddr_out_31_toPad_ts1[21]' in module 'msrv32_top' is not driven
//  Warning: Net 'ms_riscv32_mp_dmaddr_out_31_toPad_ts1[20]' in module 'msrv32_top' is not driven
//  Warning: Net 'ms_riscv32_mp_dmaddr_out_31_toPad_ts1[19]' in module 'msrv32_top' is not driven
//  Warning: Net 'ms_riscv32_mp_dmaddr_out_31_toPad_ts1[18]' in module 'msrv32_top' is not driven
//  Warning: Net 'ms_riscv32_mp_dmaddr_out_31_toPad_ts1[17]' in module 'msrv32_top' is not driven
//  Warning: Net 'ms_riscv32_mp_dmaddr_out_31_toPad_ts1[16]' in module 'msrv32_top' is not driven
//  Warning: Net 'ms_riscv32_mp_dmaddr_out_31_toPad_ts1[15]' in module 'msrv32_top' is not driven
//  Warning: Net 'ms_riscv32_mp_dmaddr_out_31_toPad_ts1[14]' in module 'msrv32_top' is not driven
//  Warning: Net 'ms_riscv32_mp_dmaddr_out_31_toPad_ts1[13]' in module 'msrv32_top' is not driven
//  Warning: Net 'ms_riscv32_mp_dmaddr_out_31_toPad_ts1[12]' in module 'msrv32_top' is not driven
//  Warning: Net 'ms_riscv32_mp_dmaddr_out_31_toPad_ts1[11]' in module 'msrv32_top' is not driven
//  Warning: Net 'ms_riscv32_mp_dmaddr_out_31_toPad_ts1[10]' in module 'msrv32_top' is not driven
//  Warning: Net 'ms_riscv32_mp_dmaddr_out_31_toPad_ts1[9]' in module 'msrv32_top' is not driven
//  Warning: Net 'ms_riscv32_mp_dmaddr_out_31_toPad_ts1[8]' in module 'msrv32_top' is not driven
//  Warning: Net 'ms_riscv32_mp_dmaddr_out_31_toPad_ts1[7]' in module 'msrv32_top' is not driven
//  Warning: Net 'ms_riscv32_mp_dmaddr_out_31_toPad_ts1[6]' in module 'msrv32_top' is not driven
//  Warning: Net 'ms_riscv32_mp_dmaddr_out_31_toPad_ts1[5]' in module 'msrv32_top' is not driven
//  Warning: Net 'ms_riscv32_mp_dmaddr_out_31_toPad_ts1[4]' in module 'msrv32_top' is not driven
//  Warning: Net 'ms_riscv32_mp_dmaddr_out_31_toPad_ts1[3]' in module 'msrv32_top' is not driven
//  Warning: Net 'ms_riscv32_mp_dmaddr_out_31_toPad_ts1[2]' in module 'msrv32_top' is not driven
//  Warning: Net 'ms_riscv32_mp_dmaddr_out_31_toPad_ts1[1]' in module 'msrv32_top' is not driven
//  Warning: Net 'ms_riscv32_mp_dmaddr_out_31_toPad_ts1[0]' in module 'msrv32_top' is not driven
//  Warning: Net 'ms_riscv32_mp_dmdata_out_31_toPad_ts1[30]' in module 'msrv32_top' is not driven
//  Warning: Net 'ms_riscv32_mp_dmdata_out_31_toPad_ts1[29]' in module 'msrv32_top' is not driven
//  Warning: Net 'ms_riscv32_mp_dmdata_out_31_toPad_ts1[28]' in module 'msrv32_top' is not driven
//  Warning: Net 'ms_riscv32_mp_dmdata_out_31_toPad_ts1[27]' in module 'msrv32_top' is not driven
//  Warning: Net 'ms_riscv32_mp_dmdata_out_31_toPad_ts1[26]' in module 'msrv32_top' is not driven
//  Warning: Net 'ms_riscv32_mp_dmdata_out_31_toPad_ts1[25]' in module 'msrv32_top' is not driven
//  Warning: Net 'ms_riscv32_mp_dmdata_out_31_toPad_ts1[24]' in module 'msrv32_top' is not driven
//  Warning: Net 'ms_riscv32_mp_dmdata_out_31_toPad_ts1[23]' in module 'msrv32_top' is not driven
//  Warning: Net 'ms_riscv32_mp_dmdata_out_31_toPad_ts1[22]' in module 'msrv32_top' is not driven
//  Warning: Net 'ms_riscv32_mp_dmdata_out_31_toPad_ts1[21]' in module 'msrv32_top' is not driven
//  Warning: Net 'ms_riscv32_mp_dmdata_out_31_toPad_ts1[20]' in module 'msrv32_top' is not driven
//  Warning: Net 'ms_riscv32_mp_dmdata_out_31_toPad_ts1[19]' in module 'msrv32_top' is not driven
//  Warning: Net 'ms_riscv32_mp_dmdata_out_31_toPad_ts1[18]' in module 'msrv32_top' is not driven
//  Warning: Net 'ms_riscv32_mp_dmdata_out_31_toPad_ts1[17]' in module 'msrv32_top' is not driven
//  Warning: Net 'ms_riscv32_mp_dmdata_out_31_toPad_ts1[16]' in module 'msrv32_top' is not driven
//  Warning: Net 'ms_riscv32_mp_dmdata_out_31_toPad_ts1[15]' in module 'msrv32_top' is not driven
//  Warning: Net 'ms_riscv32_mp_dmdata_out_31_toPad_ts1[14]' in module 'msrv32_top' is not driven
//  Warning: Net 'ms_riscv32_mp_dmdata_out_31_toPad_ts1[13]' in module 'msrv32_top' is not driven
//  Warning: Net 'ms_riscv32_mp_dmdata_out_31_toPad_ts1[12]' in module 'msrv32_top' is not driven
//  Warning: Net 'ms_riscv32_mp_dmdata_out_31_toPad_ts1[11]' in module 'msrv32_top' is not driven
//  Warning: Net 'ms_riscv32_mp_dmdata_out_31_toPad_ts1[10]' in module 'msrv32_top' is not driven
//  Warning: Net 'ms_riscv32_mp_dmdata_out_31_toPad_ts1[9]' in module 'msrv32_top' is not driven
//  Warning: Net 'ms_riscv32_mp_dmdata_out_31_toPad_ts1[8]' in module 'msrv32_top' is not driven
//  Warning: Net 'ms_riscv32_mp_dmdata_out_31_toPad_ts1[7]' in module 'msrv32_top' is not driven
//  Warning: Net 'ms_riscv32_mp_dmdata_out_31_toPad_ts1[6]' in module 'msrv32_top' is not driven
//  Warning: Net 'ms_riscv32_mp_dmdata_out_31_toPad_ts1[5]' in module 'msrv32_top' is not driven
//  Warning: Net 'ms_riscv32_mp_dmdata_out_31_toPad_ts1[4]' in module 'msrv32_top' is not driven
//  Warning: Net 'ms_riscv32_mp_dmdata_out_31_toPad_ts1[3]' in module 'msrv32_top' is not driven
//  Warning: Net 'ms_riscv32_mp_dmdata_out_31_toPad_ts1[2]' in module 'msrv32_top' is not driven
//  Warning: Net 'ms_riscv32_mp_dmdata_out_31_toPad_ts1[1]' in module 'msrv32_top' is not driven
//  Warning: Net 'ms_riscv32_mp_dmdata_out_31_toPad_ts1[0]' in module 'msrv32_top' is not driven
//  Warning: Net 'ms_riscv32_mp_dmwr_mask_out_3_toPad_ts1[2]' in module 'msrv32_top' is not driven
//  Warning: Net 'ms_riscv32_mp_dmwr_mask_out_3_toPad_ts1[1]' in module 'msrv32_top' is not driven
//  Warning: Net 'ms_riscv32_mp_dmwr_mask_out_3_toPad_ts1[0]' in module 'msrv32_top' is not driven
//  Warning: Net 'ms_riscv32_mp_data_htrans_out_1_toPad_ts1[0]' in module 'msrv32_top' is not driven
//  Warning: Net 'wr_en_csr_file' in module 'msrv32_top' has no pins
//  Warning: Net 'wr_en_integer_file' in module 'msrv32_top' has no pins
//  Warning: Net 'meie_out' in module 'msrv32_top' has no pins
//  Warning: Net 'mtie_out' in module 'msrv32_top' has no pins
//  Warning: Net 'msie_out' in module 'msrv32_top' has no pins
//  Warning: Net 'meip_out' in module 'msrv32_top' has no pins
//  Warning: Net 'mtip_out' in module 'msrv32_top' has no pins
//  Warning: Net 'msip_out' in module 'msrv32_top' has no pins
//  Warning: Net 'next_pc[31]' in module 'msrv32_top' has no pins
//  Warning: Net 'next_pc[30]' in module 'msrv32_top' has no pins
//  Warning: Net 'next_pc[29]' in module 'msrv32_top' has no pins
//  Warning: Net 'next_pc[28]' in module 'msrv32_top' has no pins
//  Warning: Net 'next_pc[27]' in module 'msrv32_top' has no pins
//  Warning: Net 'next_pc[26]' in module 'msrv32_top' has no pins
//  Warning: Net 'next_pc[25]' in module 'msrv32_top' has no pins
//  Warning: Net 'next_pc[24]' in module 'msrv32_top' has no pins
//  Warning: Net 'next_pc[23]' in module 'msrv32_top' has no pins
//  Warning: Net 'next_pc[22]' in module 'msrv32_top' has no pins
//  Warning: Net 'next_pc[21]' in module 'msrv32_top' has no pins
//  Warning: Net 'next_pc[20]' in module 'msrv32_top' has no pins
//  Warning: Net 'next_pc[19]' in module 'msrv32_top' has no pins
//  Warning: Net 'next_pc[18]' in module 'msrv32_top' has no pins
//  Warning: Net 'next_pc[17]' in module 'msrv32_top' has no pins
//  Warning: Net 'next_pc[16]' in module 'msrv32_top' has no pins
//  Warning: Net 'next_pc[15]' in module 'msrv32_top' has no pins
//  Warning: Net 'next_pc[14]' in module 'msrv32_top' has no pins
//  Warning: Net 'next_pc[13]' in module 'msrv32_top' has no pins
//  Warning: Net 'next_pc[12]' in module 'msrv32_top' has no pins
//  Warning: Net 'next_pc[11]' in module 'msrv32_top' has no pins
//  Warning: Net 'next_pc[10]' in module 'msrv32_top' has no pins
//  Warning: Net 'next_pc[9]' in module 'msrv32_top' has no pins
//  Warning: Net 'next_pc[8]' in module 'msrv32_top' has no pins
//  Warning: Net 'next_pc[7]' in module 'msrv32_top' has no pins
//  Warning: Net 'next_pc[6]' in module 'msrv32_top' has no pins
//  Warning: Net 'next_pc[5]' in module 'msrv32_top' has no pins
//  Warning: Net 'next_pc[4]' in module 'msrv32_top' has no pins
//  Warning: Net 'next_pc[3]' in module 'msrv32_top' has no pins
//  Warning: Net 'next_pc[2]' in module 'msrv32_top' has no pins
//  Warning: Net 'next_pc[1]' in module 'msrv32_top' has no pins
//  Warning: Net 'next_pc[0]' in module 'msrv32_top' has no pins
//  Warning: Net 'pc_reg[31]' in module 'msrv32_top' has no pins
//  Warning: Net 'pc_reg[30]' in module 'msrv32_top' has no pins
//  Warning: Net 'pc_reg[29]' in module 'msrv32_top' has no pins
//  Warning: Net 'pc_reg[28]' in module 'msrv32_top' has no pins
//  Warning: Net 'pc_reg[27]' in module 'msrv32_top' has no pins
//  Warning: Net 'pc_reg[26]' in module 'msrv32_top' has no pins
//  Warning: Net 'pc_reg[25]' in module 'msrv32_top' has no pins
//  Warning: Net 'pc_reg[24]' in module 'msrv32_top' has no pins
//  Warning: Net 'pc_reg[23]' in module 'msrv32_top' has no pins
//  Warning: Net 'pc_reg[22]' in module 'msrv32_top' has no pins
//  Warning: Net 'pc_reg[21]' in module 'msrv32_top' has no pins
//  Warning: Net 'pc_reg[20]' in module 'msrv32_top' has no pins
//  Warning: Net 'pc_reg[19]' in module 'msrv32_top' has no pins
//  Warning: Net 'pc_reg[18]' in module 'msrv32_top' has no pins
//  Warning: Net 'pc_reg[17]' in module 'msrv32_top' has no pins
//  Warning: Net 'pc_reg[16]' in module 'msrv32_top' has no pins
//  Warning: Net 'pc_reg[15]' in module 'msrv32_top' has no pins
//  Warning: Net 'pc_reg[14]' in module 'msrv32_top' has no pins
//  Warning: Net 'pc_reg[13]' in module 'msrv32_top' has no pins
//  Warning: Net 'pc_reg[12]' in module 'msrv32_top' has no pins
//  Warning: Net 'pc_reg[11]' in module 'msrv32_top' has no pins
//  Warning: Net 'pc_reg[10]' in module 'msrv32_top' has no pins
//  Warning: Net 'pc_reg[9]' in module 'msrv32_top' has no pins
//  Warning: Net 'pc_reg[8]' in module 'msrv32_top' has no pins
//  Warning: Net 'pc_reg[7]' in module 'msrv32_top' has no pins
//  Warning: Net 'pc_reg[6]' in module 'msrv32_top' has no pins
//  Warning: Net 'pc_reg[5]' in module 'msrv32_top' has no pins
//  Warning: Net 'pc_reg[4]' in module 'msrv32_top' has no pins
//  Warning: Net 'pc_reg[3]' in module 'msrv32_top' has no pins
//  Warning: Net 'pc_reg[2]' in module 'msrv32_top' has no pins
//  Warning: Net 'pc_reg[1]' in module 'msrv32_top' has no pins
//  Warning: Net 'pc_reg[0]' in module 'msrv32_top' has no pins
//  Warning: Net 'cause_in[3]' in module 'msrv32_top' has no pins
//  Warning: Net 'cause_in[2]' in module 'msrv32_top' has no pins
//  Warning: Net 'cause_in[1]' in module 'msrv32_top' has no pins
//  Warning: Net 'cause_in[0]' in module 'msrv32_top' has no pins
//  Warning: Net 'iadder_out[31]' in module 'msrv32_top' has no pins
//  Warning: Net 'iadder_out[30]' in module 'msrv32_top' has no pins
//  Warning: Net 'iadder_out[29]' in module 'msrv32_top' has no pins
//  Warning: Net 'iadder_out[28]' in module 'msrv32_top' has no pins
//  Warning: Net 'iadder_out[27]' in module 'msrv32_top' has no pins
//  Warning: Net 'iadder_out[26]' in module 'msrv32_top' has no pins
//  Warning: Net 'iadder_out[25]' in module 'msrv32_top' has no pins
//  Warning: Net 'iadder_out[24]' in module 'msrv32_top' has no pins
//  Warning: Net 'iadder_out[23]' in module 'msrv32_top' has no pins
//  Warning: Net 'iadder_out[22]' in module 'msrv32_top' has no pins
//  Warning: Net 'iadder_out[21]' in module 'msrv32_top' has no pins
//  Warning: Net 'iadder_out[20]' in module 'msrv32_top' has no pins
//  Warning: Net 'iadder_out[19]' in module 'msrv32_top' has no pins
//  Warning: Net 'iadder_out[18]' in module 'msrv32_top' has no pins
//  Warning: Net 'iadder_out[17]' in module 'msrv32_top' has no pins
//  Warning: Net 'iadder_out[16]' in module 'msrv32_top' has no pins
//  Warning: Net 'iadder_out[15]' in module 'msrv32_top' has no pins
//  Warning: Net 'iadder_out[14]' in module 'msrv32_top' has no pins
//  Warning: Net 'iadder_out[13]' in module 'msrv32_top' has no pins
//  Warning: Net 'iadder_out[12]' in module 'msrv32_top' has no pins
//  Warning: Net 'iadder_out[11]' in module 'msrv32_top' has no pins
//  Warning: Net 'iadder_out[10]' in module 'msrv32_top' has no pins
//  Warning: Net 'iadder_out[9]' in module 'msrv32_top' has no pins
//  Warning: Net 'iadder_out[8]' in module 'msrv32_top' has no pins
//  Warning: Net 'iadder_out[7]' in module 'msrv32_top' has no pins
//  Warning: Net 'iadder_out[6]' in module 'msrv32_top' has no pins
//  Warning: Net 'iadder_out[5]' in module 'msrv32_top' has no pins
//  Warning: Net 'iadder_out[4]' in module 'msrv32_top' has no pins
//  Warning: Net 'iadder_out[3]' in module 'msrv32_top' has no pins
//  Warning: Net 'iadder_out[2]' in module 'msrv32_top' has no pins
//  Warning: Net 'iadder_out[1]' in module 'msrv32_top' has no pins
//  Warning: Net 'iadder_out[0]' in module 'msrv32_top' has no pins
//  Warning: Net 'mem_wr_mask[3]' in module 'msrv32_top' has no pins
//  Warning: Net 'mem_wr_mask[2]' in module 'msrv32_top' has no pins
//  Warning: Net 'mem_wr_mask[1]' in module 'msrv32_top' has no pins
//  Warning: Net 'mem_wr_mask[0]' in module 'msrv32_top' has no pins
//  Warning: Net 'su_data_out[31]' in module 'msrv32_top' has no pins
//  Warning: Net 'su_data_out[30]' in module 'msrv32_top' has no pins
//  Warning: Net 'su_data_out[29]' in module 'msrv32_top' has no pins
//  Warning: Net 'su_data_out[28]' in module 'msrv32_top' has no pins
//  Warning: Net 'su_data_out[27]' in module 'msrv32_top' has no pins
//  Warning: Net 'su_data_out[26]' in module 'msrv32_top' has no pins
//  Warning: Net 'su_data_out[25]' in module 'msrv32_top' has no pins
//  Warning: Net 'su_data_out[24]' in module 'msrv32_top' has no pins
//  Warning: Net 'su_data_out[23]' in module 'msrv32_top' has no pins
//  Warning: Net 'su_data_out[22]' in module 'msrv32_top' has no pins
//  Warning: Net 'su_data_out[21]' in module 'msrv32_top' has no pins
//  Warning: Net 'su_data_out[20]' in module 'msrv32_top' has no pins
//  Warning: Net 'su_data_out[19]' in module 'msrv32_top' has no pins
//  Warning: Net 'su_data_out[18]' in module 'msrv32_top' has no pins
//  Warning: Net 'su_data_out[17]' in module 'msrv32_top' has no pins
//  Warning: Net 'su_data_out[16]' in module 'msrv32_top' has no pins
//  Warning: Net 'su_data_out[15]' in module 'msrv32_top' has no pins
//  Warning: Net 'su_data_out[14]' in module 'msrv32_top' has no pins
//  Warning: Net 'su_data_out[13]' in module 'msrv32_top' has no pins
//  Warning: Net 'su_data_out[12]' in module 'msrv32_top' has no pins
//  Warning: Net 'su_data_out[11]' in module 'msrv32_top' has no pins
//  Warning: Net 'su_data_out[10]' in module 'msrv32_top' has no pins
//  Warning: Net 'su_data_out[9]' in module 'msrv32_top' has no pins
//  Warning: Net 'su_data_out[8]' in module 'msrv32_top' has no pins
//  Warning: Net 'su_data_out[7]' in module 'msrv32_top' has no pins
//  Warning: Net 'su_data_out[6]' in module 'msrv32_top' has no pins
//  Warning: Net 'su_data_out[5]' in module 'msrv32_top' has no pins
//  Warning: Net 'su_data_out[4]' in module 'msrv32_top' has no pins
//  Warning: Net 'su_data_out[3]' in module 'msrv32_top' has no pins
//  Warning: Net 'su_data_out[2]' in module 'msrv32_top' has no pins
//  Warning: Net 'su_data_out[1]' in module 'msrv32_top' has no pins
//  Warning: Net 'su_data_out[0]' in module 'msrv32_top' has no pins
//  Warning: Net 'su_d_addr[31]' in module 'msrv32_top' has no pins
//  Warning: Net 'su_d_addr[30]' in module 'msrv32_top' has no pins
//  Warning: Net 'su_d_addr[29]' in module 'msrv32_top' has no pins
//  Warning: Net 'su_d_addr[28]' in module 'msrv32_top' has no pins
//  Warning: Net 'su_d_addr[27]' in module 'msrv32_top' has no pins
//  Warning: Net 'su_d_addr[26]' in module 'msrv32_top' has no pins
//  Warning: Net 'su_d_addr[25]' in module 'msrv32_top' has no pins
//  Warning: Net 'su_d_addr[24]' in module 'msrv32_top' has no pins
//  Warning: Net 'su_d_addr[23]' in module 'msrv32_top' has no pins
//  Warning: Net 'su_d_addr[22]' in module 'msrv32_top' has no pins
//  Warning: Net 'su_d_addr[21]' in module 'msrv32_top' has no pins
//  Warning: Net 'su_d_addr[20]' in module 'msrv32_top' has no pins
//  Warning: Net 'su_d_addr[19]' in module 'msrv32_top' has no pins
//  Warning: Net 'su_d_addr[18]' in module 'msrv32_top' has no pins
//  Warning: Net 'su_d_addr[17]' in module 'msrv32_top' has no pins
//  Warning: Net 'su_d_addr[16]' in module 'msrv32_top' has no pins
//  Warning: Net 'su_d_addr[15]' in module 'msrv32_top' has no pins
//  Warning: Net 'su_d_addr[14]' in module 'msrv32_top' has no pins
//  Warning: Net 'su_d_addr[13]' in module 'msrv32_top' has no pins
//  Warning: Net 'su_d_addr[12]' in module 'msrv32_top' has no pins
//  Warning: Net 'su_d_addr[11]' in module 'msrv32_top' has no pins
//  Warning: Net 'su_d_addr[10]' in module 'msrv32_top' has no pins
//  Warning: Net 'su_d_addr[9]' in module 'msrv32_top' has no pins
//  Warning: Net 'su_d_addr[8]' in module 'msrv32_top' has no pins
//  Warning: Net 'su_d_addr[7]' in module 'msrv32_top' has no pins
//  Warning: Net 'su_d_addr[6]' in module 'msrv32_top' has no pins
//  Warning: Net 'su_d_addr[5]' in module 'msrv32_top' has no pins
//  Warning: Net 'su_d_addr[4]' in module 'msrv32_top' has no pins
//  Warning: Net 'su_d_addr[3]' in module 'msrv32_top' has no pins
//  Warning: Net 'su_d_addr[2]' in module 'msrv32_top' has no pins
//  Warning: Net 'su_d_addr[1]' in module 'msrv32_top' has no pins
//  Warning: Net 'su_d_addr[0]' in module 'msrv32_top' has no pins
//  Warning: Net 'su_wr_mask[3]' in module 'msrv32_top' has no pins
//  Warning: Net 'su_wr_mask[2]' in module 'msrv32_top' has no pins
//  Warning: Net 'su_wr_mask[1]' in module 'msrv32_top' has no pins
//  Warning: Net 'su_wr_mask[0]' in module 'msrv32_top' has no pins
//  Warning: Net 'su_wr_req' in module 'msrv32_top' has no pins
//  Warning: Net 'reset_in' in module 'msrv32_top' is not driven
//  Warning: Net 'pc_plus_4_out[31]' in module 'msrv32_pc' is not driven
//  Warning: Net 'pc_plus_4_out[30]' in module 'msrv32_pc' is not driven
//  Warning: Net 'pc_plus_4_out[29]' in module 'msrv32_pc' is not driven
//  Warning: Net 'pc_plus_4_out[28]' in module 'msrv32_pc' is not driven
//  Warning: Net 'pc_plus_4_out[27]' in module 'msrv32_pc' is not driven
//  Warning: Net 'pc_plus_4_out[26]' in module 'msrv32_pc' is not driven
//  Warning: Net 'pc_plus_4_out[25]' in module 'msrv32_pc' is not driven
//  Warning: Net 'pc_plus_4_out[24]' in module 'msrv32_pc' is not driven
//  Warning: Net 'pc_plus_4_out[23]' in module 'msrv32_pc' is not driven
//  Warning: Net 'pc_plus_4_out[22]' in module 'msrv32_pc' is not driven
//  Warning: Net 'pc_plus_4_out[21]' in module 'msrv32_pc' is not driven
//  Warning: Net 'pc_plus_4_out[20]' in module 'msrv32_pc' is not driven
//  Warning: Net 'pc_plus_4_out[19]' in module 'msrv32_pc' is not driven
//  Warning: Net 'pc_plus_4_out[18]' in module 'msrv32_pc' is not driven
//  Warning: Net 'pc_plus_4_out[17]' in module 'msrv32_pc' is not driven
//  Warning: Net 'pc_plus_4_out[16]' in module 'msrv32_pc' is not driven
//  Warning: Net 'pc_plus_4_out[15]' in module 'msrv32_pc' is not driven
//  Warning: Net 'pc_plus_4_out[14]' in module 'msrv32_pc' is not driven
//  Warning: Net 'pc_plus_4_out[13]' in module 'msrv32_pc' is not driven
//  Warning: Net 'pc_plus_4_out[12]' in module 'msrv32_pc' is not driven
//  Warning: Net 'pc_plus_4_out[11]' in module 'msrv32_pc' is not driven
//  Warning: Net 'pc_plus_4_out[10]' in module 'msrv32_pc' is not driven
//  Warning: Net 'pc_plus_4_out[9]' in module 'msrv32_pc' is not driven
//  Warning: Net 'pc_plus_4_out[8]' in module 'msrv32_pc' is not driven
//  Warning: Net 'pc_plus_4_out[7]' in module 'msrv32_pc' is not driven
//  Warning: Net 'pc_plus_4_out[6]' in module 'msrv32_pc' is not driven
//  Warning: Net 'pc_plus_4_out[5]' in module 'msrv32_pc' is not driven
//  Warning: Net 'pc_plus_4_out[4]' in module 'msrv32_pc' is not driven
//  Warning: Net 'pc_plus_4_out[3]' in module 'msrv32_pc' is not driven
//  Warning: Net 'pc_plus_4_out[2]' in module 'msrv32_pc' is not driven
//  Warning: Net 'pc_plus_4_out[1]' in module 'msrv32_pc' is not driven
//  Warning: Net 'pc_plus_4_out[0]' in module 'msrv32_pc' is not driven
//  Warning: Net 'misaligned_instr_out' in module 'msrv32_pc' is not driven
//  Warning: Net 'pc_mux_out[31]' in module 'msrv32_pc' is not driven
//  Warning: Net 'pc_mux_out[30]' in module 'msrv32_pc' is not driven
//  Warning: Net 'pc_mux_out[29]' in module 'msrv32_pc' is not driven
//  Warning: Net 'pc_mux_out[28]' in module 'msrv32_pc' is not driven
//  Warning: Net 'pc_mux_out[27]' in module 'msrv32_pc' is not driven
//  Warning: Net 'pc_mux_out[26]' in module 'msrv32_pc' is not driven
//  Warning: Net 'pc_mux_out[25]' in module 'msrv32_pc' is not driven
//  Warning: Net 'pc_mux_out[24]' in module 'msrv32_pc' is not driven
//  Warning: Net 'pc_mux_out[23]' in module 'msrv32_pc' is not driven
//  Warning: Net 'pc_mux_out[22]' in module 'msrv32_pc' is not driven
//  Warning: Net 'pc_mux_out[21]' in module 'msrv32_pc' is not driven
//  Warning: Net 'pc_mux_out[20]' in module 'msrv32_pc' is not driven
//  Warning: Net 'pc_mux_out[19]' in module 'msrv32_pc' is not driven
//  Warning: Net 'pc_mux_out[18]' in module 'msrv32_pc' is not driven
//  Warning: Net 'pc_mux_out[17]' in module 'msrv32_pc' is not driven
//  Warning: Net 'pc_mux_out[16]' in module 'msrv32_pc' is not driven
//  Warning: Net 'pc_mux_out[15]' in module 'msrv32_pc' is not driven
//  Warning: Net 'pc_mux_out[14]' in module 'msrv32_pc' is not driven
//  Warning: Net 'pc_mux_out[13]' in module 'msrv32_pc' is not driven
//  Warning: Net 'pc_mux_out[12]' in module 'msrv32_pc' is not driven
//  Warning: Net 'pc_mux_out[11]' in module 'msrv32_pc' is not driven
//  Warning: Net 'pc_mux_out[10]' in module 'msrv32_pc' is not driven
//  Warning: Net 'pc_mux_out[9]' in module 'msrv32_pc' is not driven
//  Warning: Net 'pc_mux_out[8]' in module 'msrv32_pc' is not driven
//  Warning: Net 'pc_mux_out[7]' in module 'msrv32_pc' is not driven
//  Warning: Net 'pc_mux_out[6]' in module 'msrv32_pc' is not driven
//  Warning: Net 'pc_mux_out[5]' in module 'msrv32_pc' is not driven
//  Warning: Net 'pc_mux_out[4]' in module 'msrv32_pc' is not driven
//  Warning: Net 'pc_mux_out[3]' in module 'msrv32_pc' is not driven
//  Warning: Net 'pc_mux_out[2]' in module 'msrv32_pc' is not driven
//  Warning: Net 'pc_mux_out[1]' in module 'msrv32_pc' is not driven
//  Warning: Net 'pc_mux_out[0]' in module 'msrv32_pc' is not driven
//  Warning: Net 'i_addr[31]' in module 'msrv32_pc' is not driven
//  Warning: Net 'i_addr[30]' in module 'msrv32_pc' is not driven
//  Warning: Net 'i_addr[29]' in module 'msrv32_pc' is not driven
//  Warning: Net 'i_addr[28]' in module 'msrv32_pc' is not driven
//  Warning: Net 'i_addr[27]' in module 'msrv32_pc' is not driven
//  Warning: Net 'i_addr[26]' in module 'msrv32_pc' is not driven
//  Warning: Net 'i_addr[25]' in module 'msrv32_pc' is not driven
//  Warning: Net 'i_addr[24]' in module 'msrv32_pc' is not driven
//  Warning: Net 'i_addr[23]' in module 'msrv32_pc' is not driven
//  Warning: Net 'i_addr[22]' in module 'msrv32_pc' is not driven
//  Warning: Net 'i_addr[21]' in module 'msrv32_pc' is not driven
//  Warning: Net 'i_addr[20]' in module 'msrv32_pc' is not driven
//  Warning: Net 'i_addr[19]' in module 'msrv32_pc' is not driven
//  Warning: Net 'i_addr[18]' in module 'msrv32_pc' is not driven
//  Warning: Net 'i_addr[17]' in module 'msrv32_pc' is not driven
//  Warning: Net 'i_addr[16]' in module 'msrv32_pc' is not driven
//  Warning: Net 'i_addr[15]' in module 'msrv32_pc' is not driven
//  Warning: Net 'i_addr[14]' in module 'msrv32_pc' is not driven
//  Warning: Net 'i_addr[13]' in module 'msrv32_pc' is not driven
//  Warning: Net 'i_addr[12]' in module 'msrv32_pc' is not driven
//  Warning: Net 'i_addr[11]' in module 'msrv32_pc' is not driven
//  Warning: Net 'i_addr[10]' in module 'msrv32_pc' is not driven
//  Warning: Net 'i_addr[9]' in module 'msrv32_pc' is not driven
//  Warning: Net 'i_addr[8]' in module 'msrv32_pc' is not driven
//  Warning: Net 'i_addr[7]' in module 'msrv32_pc' is not driven
//  Warning: Net 'i_addr[6]' in module 'msrv32_pc' is not driven
//  Warning: Net 'i_addr[5]' in module 'msrv32_pc' is not driven
//  Warning: Net 'i_addr[4]' in module 'msrv32_pc' is not driven
//  Warning: Net 'i_addr[3]' in module 'msrv32_pc' is not driven
//  Warning: Net 'i_addr[2]' in module 'msrv32_pc' is not driven
//  Warning: Net 'i_addr[1]' in module 'msrv32_pc' is not driven
//  Warning: Net 'i_addr[0]' in module 'msrv32_pc' is not driven
//  Warning: Net 'next_pc[31]' in module 'msrv32_pc' has no pins
//  Warning: Net 'next_pc[30]' in module 'msrv32_pc' has no pins
//  Warning: Net 'next_pc[29]' in module 'msrv32_pc' has no pins
//  Warning: Net 'next_pc[28]' in module 'msrv32_pc' has no pins
//  Warning: Net 'next_pc[27]' in module 'msrv32_pc' has no pins
//  Warning: Net 'next_pc[26]' in module 'msrv32_pc' has no pins
//  Warning: Net 'next_pc[25]' in module 'msrv32_pc' has no pins
//  Warning: Net 'next_pc[24]' in module 'msrv32_pc' has no pins
//  Warning: Net 'next_pc[23]' in module 'msrv32_pc' has no pins
//  Warning: Net 'next_pc[22]' in module 'msrv32_pc' has no pins
//  Warning: Net 'next_pc[21]' in module 'msrv32_pc' has no pins
//  Warning: Net 'next_pc[20]' in module 'msrv32_pc' has no pins
//  Warning: Net 'next_pc[19]' in module 'msrv32_pc' has no pins
//  Warning: Net 'next_pc[18]' in module 'msrv32_pc' has no pins
//  Warning: Net 'next_pc[17]' in module 'msrv32_pc' has no pins
//  Warning: Net 'next_pc[16]' in module 'msrv32_pc' has no pins
//  Warning: Net 'next_pc[15]' in module 'msrv32_pc' has no pins
//  Warning: Net 'next_pc[14]' in module 'msrv32_pc' has no pins
//  Warning: Net 'next_pc[13]' in module 'msrv32_pc' has no pins
//  Warning: Net 'next_pc[12]' in module 'msrv32_pc' has no pins
//  Warning: Net 'next_pc[11]' in module 'msrv32_pc' has no pins
//  Warning: Net 'next_pc[10]' in module 'msrv32_pc' has no pins
//  Warning: Net 'next_pc[9]' in module 'msrv32_pc' has no pins
//  Warning: Net 'next_pc[8]' in module 'msrv32_pc' has no pins
//  Warning: Net 'next_pc[7]' in module 'msrv32_pc' has no pins
//  Warning: Net 'next_pc[6]' in module 'msrv32_pc' has no pins
//  Warning: Net 'next_pc[5]' in module 'msrv32_pc' has no pins
//  Warning: Net 'next_pc[4]' in module 'msrv32_pc' has no pins
//  Warning: Net 'next_pc[3]' in module 'msrv32_pc' has no pins
//  Warning: Net 'next_pc[2]' in module 'msrv32_pc' has no pins
//  Warning: Net 'next_pc[1]' in module 'msrv32_pc' has no pins
//  Warning: Net 'next_pc[0]' in module 'msrv32_pc' has no pins
//  Warning: Net 'instr_mux[31]' in module 'msrv32_instruction_decoder' is not driven
//  Warning: Net 'instr_mux[30]' in module 'msrv32_instruction_decoder' is not driven
//  Warning: Net 'instr_mux[29]' in module 'msrv32_instruction_decoder' is not driven
//  Warning: Net 'instr_mux[28]' in module 'msrv32_instruction_decoder' is not driven
//  Warning: Net 'instr_mux[27]' in module 'msrv32_instruction_decoder' is not driven
//  Warning: Net 'instr_mux[26]' in module 'msrv32_instruction_decoder' is not driven
//  Warning: Net 'instr_mux[25]' in module 'msrv32_instruction_decoder' is not driven
//  Warning: Net 'instr_mux[24]' in module 'msrv32_instruction_decoder' is not driven
//  Warning: Net 'instr_mux[23]' in module 'msrv32_instruction_decoder' is not driven
//  Warning: Net 'instr_mux[22]' in module 'msrv32_instruction_decoder' is not driven
//  Warning: Net 'instr_mux[21]' in module 'msrv32_instruction_decoder' is not driven
//  Warning: Net 'instr_mux[20]' in module 'msrv32_instruction_decoder' is not driven
//  Warning: Net 'instr_mux[19]' in module 'msrv32_instruction_decoder' is not driven
//  Warning: Net 'instr_mux[18]' in module 'msrv32_instruction_decoder' is not driven
//  Warning: Net 'instr_mux[17]' in module 'msrv32_instruction_decoder' is not driven
//  Warning: Net 'instr_mux[16]' in module 'msrv32_instruction_decoder' is not driven
//  Warning: Net 'instr_mux[15]' in module 'msrv32_instruction_decoder' is not driven
//  Warning: Net 'instr_mux[14]' in module 'msrv32_instruction_decoder' is not driven
//  Warning: Net 'instr_mux[13]' in module 'msrv32_instruction_decoder' is not driven
//  Warning: Net 'instr_mux[12]' in module 'msrv32_instruction_decoder' is not driven
//  Warning: Net 'instr_mux[11]' in module 'msrv32_instruction_decoder' is not driven
//  Warning: Net 'instr_mux[10]' in module 'msrv32_instruction_decoder' is not driven
//  Warning: Net 'instr_mux[9]' in module 'msrv32_instruction_decoder' is not driven
//  Warning: Net 'instr_mux[8]' in module 'msrv32_instruction_decoder' is not driven
//  Warning: Net 'instr_mux[7]' in module 'msrv32_instruction_decoder' is not driven
//  Warning: Net 'instr_mux[6]' in module 'msrv32_instruction_decoder' is not driven
//  Warning: Net 'instr_mux[5]' in module 'msrv32_instruction_decoder' is not driven
//  Warning: Net 'instr_mux[4]' in module 'msrv32_instruction_decoder' is not driven
//  Warning: Net 'instr_mux[3]' in module 'msrv32_instruction_decoder' is not driven
//  Warning: Net 'instr_mux[2]' in module 'msrv32_instruction_decoder' is not driven
//  Warning: Net 'instr_mux[1]' in module 'msrv32_instruction_decoder' is not driven
//  Warning: Net 'instr_mux[0]' in module 'msrv32_instruction_decoder' is not driven
//  Warning: Net 'data_out[31]' in module 'msrv32_store_unit' is not driven
//  Warning: Net 'data_out[30]' in module 'msrv32_store_unit' is not driven
//  Warning: Net 'data_out[29]' in module 'msrv32_store_unit' is not driven
//  Warning: Net 'data_out[28]' in module 'msrv32_store_unit' is not driven
//  Warning: Net 'data_out[27]' in module 'msrv32_store_unit' is not driven
//  Warning: Net 'data_out[26]' in module 'msrv32_store_unit' is not driven
//  Warning: Net 'data_out[25]' in module 'msrv32_store_unit' is not driven
//  Warning: Net 'data_out[24]' in module 'msrv32_store_unit' is not driven
//  Warning: Net 'data_out[23]' in module 'msrv32_store_unit' is not driven
//  Warning: Net 'data_out[22]' in module 'msrv32_store_unit' is not driven
//  Warning: Net 'data_out[21]' in module 'msrv32_store_unit' is not driven
//  Warning: Net 'data_out[20]' in module 'msrv32_store_unit' is not driven
//  Warning: Net 'data_out[19]' in module 'msrv32_store_unit' is not driven
//  Warning: Net 'data_out[18]' in module 'msrv32_store_unit' is not driven
//  Warning: Net 'data_out[17]' in module 'msrv32_store_unit' is not driven
//  Warning: Net 'data_out[16]' in module 'msrv32_store_unit' is not driven
//  Warning: Net 'data_out[15]' in module 'msrv32_store_unit' is not driven
//  Warning: Net 'data_out[14]' in module 'msrv32_store_unit' is not driven
//  Warning: Net 'data_out[13]' in module 'msrv32_store_unit' is not driven
//  Warning: Net 'data_out[12]' in module 'msrv32_store_unit' is not driven
//  Warning: Net 'data_out[11]' in module 'msrv32_store_unit' is not driven
//  Warning: Net 'data_out[10]' in module 'msrv32_store_unit' is not driven
//  Warning: Net 'data_out[9]' in module 'msrv32_store_unit' is not driven
//  Warning: Net 'data_out[8]' in module 'msrv32_store_unit' is not driven
//  Warning: Net 'data_out[7]' in module 'msrv32_store_unit' is not driven
//  Warning: Net 'data_out[6]' in module 'msrv32_store_unit' is not driven
//  Warning: Net 'data_out[5]' in module 'msrv32_store_unit' is not driven
//  Warning: Net 'data_out[4]' in module 'msrv32_store_unit' is not driven
//  Warning: Net 'data_out[3]' in module 'msrv32_store_unit' is not driven
//  Warning: Net 'data_out[2]' in module 'msrv32_store_unit' is not driven
//  Warning: Net 'data_out[1]' in module 'msrv32_store_unit' is not driven
//  Warning: Net 'data_out[0]' in module 'msrv32_store_unit' is not driven
//  Warning: Net 'wr_mask_out[3]' in module 'msrv32_store_unit' is not driven
//  Warning: Net 'wr_mask_out[2]' in module 'msrv32_store_unit' is not driven
//  Warning: Net 'wr_mask_out[1]' in module 'msrv32_store_unit' is not driven
//  Warning: Net 'wr_mask_out[0]' in module 'msrv32_store_unit' is not driven
//  Warning: Net 'ahb_htrans_out[1]' in module 'msrv32_store_unit' is not driven
//  Warning: Net 'ahb_htrans_out[0]' in module 'msrv32_store_unit' is not driven
//  Warning: Net 'byte_dout[31]' in module 'msrv32_store_unit' has no pins
//  Warning: Net 'byte_dout[30]' in module 'msrv32_store_unit' has no pins
//  Warning: Net 'byte_dout[29]' in module 'msrv32_store_unit' has no pins
//  Warning: Net 'byte_dout[28]' in module 'msrv32_store_unit' has no pins
//  Warning: Net 'byte_dout[27]' in module 'msrv32_store_unit' has no pins
//  Warning: Net 'byte_dout[26]' in module 'msrv32_store_unit' has no pins
//  Warning: Net 'byte_dout[25]' in module 'msrv32_store_unit' has no pins
//  Warning: Net 'byte_dout[24]' in module 'msrv32_store_unit' has no pins
//  Warning: Net 'byte_dout[23]' in module 'msrv32_store_unit' has no pins
//  Warning: Net 'byte_dout[22]' in module 'msrv32_store_unit' has no pins
//  Warning: Net 'byte_dout[21]' in module 'msrv32_store_unit' has no pins
//  Warning: Net 'byte_dout[20]' in module 'msrv32_store_unit' has no pins
//  Warning: Net 'byte_dout[19]' in module 'msrv32_store_unit' has no pins
//  Warning: Net 'byte_dout[18]' in module 'msrv32_store_unit' has no pins
//  Warning: Net 'byte_dout[17]' in module 'msrv32_store_unit' has no pins
//  Warning: Net 'byte_dout[16]' in module 'msrv32_store_unit' has no pins
//  Warning: Net 'byte_dout[15]' in module 'msrv32_store_unit' has no pins
//  Warning: Net 'byte_dout[14]' in module 'msrv32_store_unit' has no pins
//  Warning: Net 'byte_dout[13]' in module 'msrv32_store_unit' has no pins
//  Warning: Net 'byte_dout[12]' in module 'msrv32_store_unit' has no pins
//  Warning: Net 'byte_dout[11]' in module 'msrv32_store_unit' has no pins
//  Warning: Net 'byte_dout[10]' in module 'msrv32_store_unit' has no pins
//  Warning: Net 'byte_dout[9]' in module 'msrv32_store_unit' has no pins
//  Warning: Net 'byte_dout[8]' in module 'msrv32_store_unit' has no pins
//  Warning: Net 'byte_dout[7]' in module 'msrv32_store_unit' has no pins
//  Warning: Net 'byte_dout[6]' in module 'msrv32_store_unit' has no pins
//  Warning: Net 'byte_dout[5]' in module 'msrv32_store_unit' has no pins
//  Warning: Net 'byte_dout[4]' in module 'msrv32_store_unit' has no pins
//  Warning: Net 'byte_dout[3]' in module 'msrv32_store_unit' has no pins
//  Warning: Net 'byte_dout[2]' in module 'msrv32_store_unit' has no pins
//  Warning: Net 'byte_dout[1]' in module 'msrv32_store_unit' has no pins
//  Warning: Net 'byte_dout[0]' in module 'msrv32_store_unit' has no pins
//  Warning: Net 'halfword_dout[31]' in module 'msrv32_store_unit' has no pins
//  Warning: Net 'halfword_dout[30]' in module 'msrv32_store_unit' has no pins
//  Warning: Net 'halfword_dout[29]' in module 'msrv32_store_unit' has no pins
//  Warning: Net 'halfword_dout[28]' in module 'msrv32_store_unit' has no pins
//  Warning: Net 'halfword_dout[27]' in module 'msrv32_store_unit' has no pins
//  Warning: Net 'halfword_dout[26]' in module 'msrv32_store_unit' has no pins
//  Warning: Net 'halfword_dout[25]' in module 'msrv32_store_unit' has no pins
//  Warning: Net 'halfword_dout[24]' in module 'msrv32_store_unit' has no pins
//  Warning: Net 'halfword_dout[23]' in module 'msrv32_store_unit' has no pins
//  Warning: Net 'halfword_dout[22]' in module 'msrv32_store_unit' has no pins
//  Warning: Net 'halfword_dout[21]' in module 'msrv32_store_unit' has no pins
//  Warning: Net 'halfword_dout[20]' in module 'msrv32_store_unit' has no pins
//  Warning: Net 'halfword_dout[19]' in module 'msrv32_store_unit' has no pins
//  Warning: Net 'halfword_dout[18]' in module 'msrv32_store_unit' has no pins
//  Warning: Net 'halfword_dout[17]' in module 'msrv32_store_unit' has no pins
//  Warning: Net 'halfword_dout[16]' in module 'msrv32_store_unit' has no pins
//  Warning: Net 'halfword_dout[15]' in module 'msrv32_store_unit' has no pins
//  Warning: Net 'halfword_dout[14]' in module 'msrv32_store_unit' has no pins
//  Warning: Net 'halfword_dout[13]' in module 'msrv32_store_unit' has no pins
//  Warning: Net 'halfword_dout[12]' in module 'msrv32_store_unit' has no pins
//  Warning: Net 'halfword_dout[11]' in module 'msrv32_store_unit' has no pins
//  Warning: Net 'halfword_dout[10]' in module 'msrv32_store_unit' has no pins
//  Warning: Net 'halfword_dout[9]' in module 'msrv32_store_unit' has no pins
//  Warning: Net 'halfword_dout[8]' in module 'msrv32_store_unit' has no pins
//  Warning: Net 'halfword_dout[7]' in module 'msrv32_store_unit' has no pins
//  Warning: Net 'halfword_dout[6]' in module 'msrv32_store_unit' has no pins
//  Warning: Net 'halfword_dout[5]' in module 'msrv32_store_unit' has no pins
//  Warning: Net 'halfword_dout[4]' in module 'msrv32_store_unit' has no pins
//  Warning: Net 'halfword_dout[3]' in module 'msrv32_store_unit' has no pins
//  Warning: Net 'halfword_dout[2]' in module 'msrv32_store_unit' has no pins
//  Warning: Net 'halfword_dout[1]' in module 'msrv32_store_unit' has no pins
//  Warning: Net 'halfword_dout[0]' in module 'msrv32_store_unit' has no pins
//  Warning: Net 'byte_wr_mask[3]' in module 'msrv32_store_unit' has no pins
//  Warning: Net 'byte_wr_mask[2]' in module 'msrv32_store_unit' has no pins
//  Warning: Net 'byte_wr_mask[1]' in module 'msrv32_store_unit' has no pins
//  Warning: Net 'byte_wr_mask[0]' in module 'msrv32_store_unit' has no pins
//  Warning: Net 'halfword_wr_mask[3]' in module 'msrv32_store_unit' has no pins
//  Warning: Net 'halfword_wr_mask[2]' in module 'msrv32_store_unit' has no pins
//  Warning: Net 'halfword_wr_mask[1]' in module 'msrv32_store_unit' has no pins
//  Warning: Net 'halfword_wr_mask[0]' in module 'msrv32_store_unit' has no pins
//  Warning: Net 'alu_opcode_out[3]' in module 'msrv32_dec' is not driven
//  Warning: Net 'mem_wr_req_out' in module 'msrv32_dec' is not driven
//  Warning: Net 'iadder_src_out' in module 'msrv32_dec' is not driven
//  Warning: Net 'rf_wr_en_out' in module 'msrv32_dec' is not driven
//  Warning: Net 'wb_mux_sel_out[2]' in module 'msrv32_dec' is not driven
//  Warning: Net 'wb_mux_sel_out[1]' in module 'msrv32_dec' is not driven
//  Warning: Net 'wb_mux_sel_out[0]' in module 'msrv32_dec' is not driven
//  Warning: Net 'imm_type_out[2]' in module 'msrv32_dec' is not driven
//  Warning: Net 'imm_type_out[1]' in module 'msrv32_dec' is not driven
//  Warning: Net 'imm_type_out[0]' in module 'msrv32_dec' is not driven
//  Warning: Net 'illegal_instr_out' in module 'msrv32_dec' is not driven
//  Warning: Net 'misaligned_load_out' in module 'msrv32_dec' is not driven
//  Warning: Net 'misaligned_store_out' in module 'msrv32_dec' is not driven
//  Warning: Net 'is_branch' in module 'msrv32_dec' has no pins
//  Warning: Net 'is_jal' in module 'msrv32_dec' has no pins
//  Warning: Net 'is_jalr' in module 'msrv32_dec' has no pins
//  Warning: Net 'is_auipc' in module 'msrv32_dec' has no pins
//  Warning: Net 'is_lui' in module 'msrv32_dec' has no pins
//  Warning: Net 'is_load' in module 'msrv32_dec' has no pins
//  Warning: Net 'is_store' in module 'msrv32_dec' has no pins
//  Warning: Net 'is_system' in module 'msrv32_dec' has no pins
//  Warning: Net 'is_csr' in module 'msrv32_dec' is not driven
//  Warning: Net 'is_op' in module 'msrv32_dec' has no pins
//  Warning: Net 'is_op_imm' in module 'msrv32_dec' has no pins
//  Warning: Net 'is_misc_mem' in module 'msrv32_dec' has no pins
//  Warning: Net 'is_addi' in module 'msrv32_dec' has no pins
//  Warning: Net 'is_slti' in module 'msrv32_dec' has no pins
//  Warning: Net 'is_sltiu' in module 'msrv32_dec' has no pins
//  Warning: Net 'is_andi' in module 'msrv32_dec' has no pins
//  Warning: Net 'is_ori' in module 'msrv32_dec' has no pins
//  Warning: Net 'is_xori' in module 'msrv32_dec' has no pins
//  Warning: Net 'is_implemented_instr' in module 'msrv32_dec' has no pins
//  Warning: Net 'mal_word' in module 'msrv32_dec' has no pins
//  Warning: Net 'mal_half' in module 'msrv32_dec' has no pins
//  Warning: Net 'misaligned' in module 'msrv32_dec' has no pins
//  Warning: Net 'mxl[1]' in module 'msrv32_csr_file' has no pins
//  Warning: Net 'mxl[0]' in module 'msrv32_csr_file' has no pins
//  Warning: Net 'mextensions[25]' in module 'msrv32_csr_file' has no pins
//  Warning: Net 'mextensions[24]' in module 'msrv32_csr_file' has no pins
//  Warning: Net 'mextensions[23]' in module 'msrv32_csr_file' has no pins
//  Warning: Net 'mextensions[22]' in module 'msrv32_csr_file' has no pins
//  Warning: Net 'mextensions[21]' in module 'msrv32_csr_file' has no pins
//  Warning: Net 'mextensions[20]' in module 'msrv32_csr_file' has no pins
//  Warning: Net 'mextensions[19]' in module 'msrv32_csr_file' has no pins
//  Warning: Net 'mextensions[18]' in module 'msrv32_csr_file' has no pins
//  Warning: Net 'mextensions[17]' in module 'msrv32_csr_file' has no pins
//  Warning: Net 'mextensions[16]' in module 'msrv32_csr_file' has no pins
//  Warning: Net 'mextensions[15]' in module 'msrv32_csr_file' has no pins
//  Warning: Net 'mextensions[14]' in module 'msrv32_csr_file' has no pins
//  Warning: Net 'mextensions[13]' in module 'msrv32_csr_file' has no pins
//  Warning: Net 'mextensions[12]' in module 'msrv32_csr_file' has no pins
//  Warning: Net 'mextensions[11]' in module 'msrv32_csr_file' has no pins
//  Warning: Net 'mextensions[10]' in module 'msrv32_csr_file' has no pins
//  Warning: Net 'mextensions[9]' in module 'msrv32_csr_file' has no pins
//  Warning: Net 'mextensions[8]' in module 'msrv32_csr_file' has no pins
//  Warning: Net 'mextensions[7]' in module 'msrv32_csr_file' has no pins
//  Warning: Net 'mextensions[6]' in module 'msrv32_csr_file' has no pins
//  Warning: Net 'mextensions[5]' in module 'msrv32_csr_file' has no pins
//  Warning: Net 'mextensions[4]' in module 'msrv32_csr_file' has no pins
//  Warning: Net 'mextensions[3]' in module 'msrv32_csr_file' has no pins
//  Warning: Net 'mextensions[2]' in module 'msrv32_csr_file' has no pins
//  Warning: Net 'mextensions[1]' in module 'msrv32_csr_file' has no pins
//  Warning: Net 'mextensions[0]' in module 'msrv32_csr_file' has no pins
//  Warning: Net 'mtvec_mode[1]' in module 'msrv32_csr_file' has no pins
//  Warning: Net 'mtvec_mode[0]' in module 'msrv32_csr_file' has no pins
//  Warning: Net 'mtvec_base[29]' in module 'msrv32_csr_file' has no pins
//  Warning: Net 'mtvec_base[28]' in module 'msrv32_csr_file' has no pins
//  Warning: Net 'mtvec_base[27]' in module 'msrv32_csr_file' has no pins
//  Warning: Net 'mtvec_base[26]' in module 'msrv32_csr_file' has no pins
//  Warning: Net 'mtvec_base[25]' in module 'msrv32_csr_file' has no pins
//  Warning: Net 'mtvec_base[24]' in module 'msrv32_csr_file' has no pins
//  Warning: Net 'mtvec_base[23]' in module 'msrv32_csr_file' has no pins
//  Warning: Net 'mtvec_base[22]' in module 'msrv32_csr_file' has no pins
//  Warning: Net 'mtvec_base[21]' in module 'msrv32_csr_file' has no pins
//  Warning: Net 'mtvec_base[20]' in module 'msrv32_csr_file' has no pins
//  Warning: Net 'mtvec_base[19]' in module 'msrv32_csr_file' has no pins
//  Warning: Net 'mtvec_base[18]' in module 'msrv32_csr_file' has no pins
//  Warning: Net 'mtvec_base[17]' in module 'msrv32_csr_file' has no pins
//  Warning: Net 'mtvec_base[16]' in module 'msrv32_csr_file' has no pins
//  Warning: Net 'mtvec_base[15]' in module 'msrv32_csr_file' has no pins
//  Warning: Net 'mtvec_base[14]' in module 'msrv32_csr_file' has no pins
//  Warning: Net 'mtvec_base[13]' in module 'msrv32_csr_file' has no pins
//  Warning: Net 'mtvec_base[12]' in module 'msrv32_csr_file' has no pins
//  Warning: Net 'mtvec_base[11]' in module 'msrv32_csr_file' has no pins
//  Warning: Net 'mtvec_base[10]' in module 'msrv32_csr_file' has no pins
//  Warning: Net 'mtvec_base[9]' in module 'msrv32_csr_file' has no pins
//  Warning: Net 'mtvec_base[8]' in module 'msrv32_csr_file' has no pins
//  Warning: Net 'mtvec_base[7]' in module 'msrv32_csr_file' has no pins
//  Warning: Net 'mtvec_base[6]' in module 'msrv32_csr_file' has no pins
//  Warning: Net 'mtvec_base[5]' in module 'msrv32_csr_file' has no pins
//  Warning: Net 'mtvec_base[4]' in module 'msrv32_csr_file' has no pins
//  Warning: Net 'mtvec_base[3]' in module 'msrv32_csr_file' has no pins
//  Warning: Net 'mtvec_base[2]' in module 'msrv32_csr_file' has no pins
//  Warning: Net 'mtvec_base[1]' in module 'msrv32_csr_file' has no pins
//  Warning: Net 'mtvec_base[0]' in module 'msrv32_csr_file' has no pins
//  Warning: Net 'mpie' in module 'msrv32_csr_file' has no pins
//  Warning: Net 'cause_rem[26]' in module 'msrv32_csr_file' has no pins
//  Warning: Net 'cause_rem[25]' in module 'msrv32_csr_file' has no pins
//  Warning: Net 'cause_rem[24]' in module 'msrv32_csr_file' has no pins
//  Warning: Net 'cause_rem[23]' in module 'msrv32_csr_file' has no pins
//  Warning: Net 'cause_rem[22]' in module 'msrv32_csr_file' has no pins
//  Warning: Net 'cause_rem[21]' in module 'msrv32_csr_file' has no pins
//  Warning: Net 'cause_rem[20]' in module 'msrv32_csr_file' has no pins
//  Warning: Net 'cause_rem[19]' in module 'msrv32_csr_file' has no pins
//  Warning: Net 'cause_rem[18]' in module 'msrv32_csr_file' has no pins
//  Warning: Net 'cause_rem[17]' in module 'msrv32_csr_file' has no pins
//  Warning: Net 'cause_rem[16]' in module 'msrv32_csr_file' has no pins
//  Warning: Net 'cause_rem[15]' in module 'msrv32_csr_file' has no pins
//  Warning: Net 'cause_rem[14]' in module 'msrv32_csr_file' has no pins
//  Warning: Net 'cause_rem[13]' in module 'msrv32_csr_file' has no pins
//  Warning: Net 'cause_rem[12]' in module 'msrv32_csr_file' has no pins
//  Warning: Net 'cause_rem[11]' in module 'msrv32_csr_file' has no pins
//  Warning: Net 'cause_rem[10]' in module 'msrv32_csr_file' has no pins
//  Warning: Net 'cause_rem[9]' in module 'msrv32_csr_file' has no pins
//  Warning: Net 'cause_rem[8]' in module 'msrv32_csr_file' has no pins
//  Warning: Net 'cause_rem[7]' in module 'msrv32_csr_file' has no pins
//  Warning: Net 'cause_rem[6]' in module 'msrv32_csr_file' has no pins
//  Warning: Net 'cause_rem[5]' in module 'msrv32_csr_file' has no pins
//  Warning: Net 'cause_rem[4]' in module 'msrv32_csr_file' has no pins
//  Warning: Net 'cause_rem[3]' in module 'msrv32_csr_file' has no pins
//  Warning: Net 'cause_rem[2]' in module 'msrv32_csr_file' has no pins
//  Warning: Net 'cause_rem[1]' in module 'msrv32_csr_file' has no pins
//  Warning: Net 'cause_rem[0]' in module 'msrv32_csr_file' has no pins
//  Warning: Net 'e_irq' in module 'msrv32_csr_file' is not driven
//  Warning: Net 't_irq' in module 'msrv32_csr_file' is not driven
//  Warning: Net 's_irq' in module 'msrv32_csr_file' is not driven
//  Warning: Net 'mie_out' in module 'mstatus_reg' is not driven
//  Warning: Net 'mpie_out' in module 'mstatus_reg' is not driven
//  Warning: Net 'pre_data_out[31]' in module 'misa_and_pre_data' is not driven
//  Warning: Net 'pre_data_out[30]' in module 'misa_and_pre_data' is not driven
//  Warning: Net 'pre_data_out[29]' in module 'misa_and_pre_data' is not driven
//  Warning: Net 'pre_data_out[28]' in module 'misa_and_pre_data' is not driven
//  Warning: Net 'pre_data_out[27]' in module 'misa_and_pre_data' is not driven
//  Warning: Net 'pre_data_out[26]' in module 'misa_and_pre_data' is not driven
//  Warning: Net 'pre_data_out[25]' in module 'misa_and_pre_data' is not driven
//  Warning: Net 'pre_data_out[24]' in module 'misa_and_pre_data' is not driven
//  Warning: Net 'pre_data_out[23]' in module 'misa_and_pre_data' is not driven
//  Warning: Net 'pre_data_out[22]' in module 'misa_and_pre_data' is not driven
//  Warning: Net 'pre_data_out[21]' in module 'misa_and_pre_data' is not driven
//  Warning: Net 'pre_data_out[20]' in module 'misa_and_pre_data' is not driven
//  Warning: Net 'pre_data_out[19]' in module 'misa_and_pre_data' is not driven
//  Warning: Net 'pre_data_out[18]' in module 'misa_and_pre_data' is not driven
//  Warning: Net 'pre_data_out[17]' in module 'misa_and_pre_data' is not driven
//  Warning: Net 'pre_data_out[16]' in module 'misa_and_pre_data' is not driven
//  Warning: Net 'pre_data_out[15]' in module 'misa_and_pre_data' is not driven
//  Warning: Net 'pre_data_out[14]' in module 'misa_and_pre_data' is not driven
//  Warning: Net 'pre_data_out[13]' in module 'misa_and_pre_data' is not driven
//  Warning: Net 'pre_data_out[12]' in module 'misa_and_pre_data' is not driven
//  Warning: Net 'pre_data_out[11]' in module 'misa_and_pre_data' is not driven
//  Warning: Net 'pre_data_out[10]' in module 'misa_and_pre_data' is not driven
//  Warning: Net 'pre_data_out[9]' in module 'misa_and_pre_data' is not driven
//  Warning: Net 'pre_data_out[8]' in module 'misa_and_pre_data' is not driven
//  Warning: Net 'pre_data_out[7]' in module 'misa_and_pre_data' is not driven
//  Warning: Net 'pre_data_out[6]' in module 'misa_and_pre_data' is not driven
//  Warning: Net 'pre_data_out[5]' in module 'misa_and_pre_data' is not driven
//  Warning: Net 'pre_data_out[4]' in module 'misa_and_pre_data' is not driven
//  Warning: Net 'pre_data_out[3]' in module 'misa_and_pre_data' is not driven
//  Warning: Net 'pre_data_out[2]' in module 'misa_and_pre_data' is not driven
//  Warning: Net 'pre_data_out[1]' in module 'misa_and_pre_data' is not driven
//  Warning: Net 'pre_data_out[0]' in module 'misa_and_pre_data' is not driven
//  Warning: Net 'meie' in module 'mie_reg' is not driven
//  Warning: Net 'mtie' in module 'mie_reg' is not driven
//  Warning: Net 'msie' in module 'mie_reg' is not driven
//  Warning: Net 'mtvec_mode[1]' in module 'mtvec_reg' is not driven
//  Warning: Net 'mtvec_mode[0]' in module 'mtvec_reg' is not driven
//  Warning: Net 'mtvec_base[29]' in module 'mtvec_reg' is not driven
//  Warning: Net 'mtvec_base[28]' in module 'mtvec_reg' is not driven
//  Warning: Net 'mtvec_base[27]' in module 'mtvec_reg' is not driven
//  Warning: Net 'mtvec_base[26]' in module 'mtvec_reg' is not driven
//  Warning: Net 'mtvec_base[25]' in module 'mtvec_reg' is not driven
//  Warning: Net 'mtvec_base[24]' in module 'mtvec_reg' is not driven
//  Warning: Net 'mtvec_base[23]' in module 'mtvec_reg' is not driven
//  Warning: Net 'mtvec_base[22]' in module 'mtvec_reg' is not driven
//  Warning: Net 'mtvec_base[21]' in module 'mtvec_reg' is not driven
//  Warning: Net 'mtvec_base[20]' in module 'mtvec_reg' is not driven
//  Warning: Net 'mtvec_base[19]' in module 'mtvec_reg' is not driven
//  Warning: Net 'mtvec_base[18]' in module 'mtvec_reg' is not driven
//  Warning: Net 'mtvec_base[17]' in module 'mtvec_reg' is not driven
//  Warning: Net 'mtvec_base[16]' in module 'mtvec_reg' is not driven
//  Warning: Net 'mtvec_base[15]' in module 'mtvec_reg' is not driven
//  Warning: Net 'mtvec_base[14]' in module 'mtvec_reg' is not driven
//  Warning: Net 'mtvec_base[13]' in module 'mtvec_reg' is not driven
//  Warning: Net 'mtvec_base[12]' in module 'mtvec_reg' is not driven
//  Warning: Net 'mtvec_base[11]' in module 'mtvec_reg' is not driven
//  Warning: Net 'mtvec_base[10]' in module 'mtvec_reg' is not driven
//  Warning: Net 'mtvec_base[9]' in module 'mtvec_reg' is not driven
//  Warning: Net 'mtvec_base[8]' in module 'mtvec_reg' is not driven
//  Warning: Net 'mtvec_base[7]' in module 'mtvec_reg' is not driven
//  Warning: Net 'mtvec_base[6]' in module 'mtvec_reg' is not driven
//  Warning: Net 'mtvec_base[5]' in module 'mtvec_reg' is not driven
//  Warning: Net 'mtvec_base[4]' in module 'mtvec_reg' is not driven
//  Warning: Net 'mtvec_base[3]' in module 'mtvec_reg' is not driven
//  Warning: Net 'mtvec_base[2]' in module 'mtvec_reg' is not driven
//  Warning: Net 'mtvec_base[1]' in module 'mtvec_reg' is not driven
//  Warning: Net 'mtvec_base[0]' in module 'mtvec_reg' is not driven
//  Warning: Net 'trap_mux_out[31]' in module 'mtvec_reg' is not driven
//  Warning: Net 'trap_mux_out[30]' in module 'mtvec_reg' is not driven
//  Warning: Net 'trap_mux_out[29]' in module 'mtvec_reg' is not driven
//  Warning: Net 'trap_mux_out[28]' in module 'mtvec_reg' is not driven
//  Warning: Net 'trap_mux_out[27]' in module 'mtvec_reg' is not driven
//  Warning: Net 'trap_mux_out[26]' in module 'mtvec_reg' is not driven
//  Warning: Net 'trap_mux_out[25]' in module 'mtvec_reg' is not driven
//  Warning: Net 'trap_mux_out[24]' in module 'mtvec_reg' is not driven
//  Warning: Net 'trap_mux_out[23]' in module 'mtvec_reg' is not driven
//  Warning: Net 'trap_mux_out[22]' in module 'mtvec_reg' is not driven
//  Warning: Net 'trap_mux_out[21]' in module 'mtvec_reg' is not driven
//  Warning: Net 'trap_mux_out[20]' in module 'mtvec_reg' is not driven
//  Warning: Net 'trap_mux_out[19]' in module 'mtvec_reg' is not driven
//  Warning: Net 'trap_mux_out[18]' in module 'mtvec_reg' is not driven
//  Warning: Net 'trap_mux_out[17]' in module 'mtvec_reg' is not driven
//  Warning: Net 'trap_mux_out[16]' in module 'mtvec_reg' is not driven
//  Warning: Net 'trap_mux_out[15]' in module 'mtvec_reg' is not driven
//  Warning: Net 'trap_mux_out[14]' in module 'mtvec_reg' is not driven
//  Warning: Net 'trap_mux_out[13]' in module 'mtvec_reg' is not driven
//  Warning: Net 'trap_mux_out[12]' in module 'mtvec_reg' is not driven
//  Warning: Net 'trap_mux_out[11]' in module 'mtvec_reg' is not driven
//  Warning: Net 'trap_mux_out[10]' in module 'mtvec_reg' is not driven
//  Warning: Net 'trap_mux_out[9]' in module 'mtvec_reg' is not driven
//  Warning: Net 'trap_mux_out[8]' in module 'mtvec_reg' is not driven
//  Warning: Net 'trap_mux_out[7]' in module 'mtvec_reg' is not driven
//  Warning: Net 'trap_mux_out[6]' in module 'mtvec_reg' is not driven
//  Warning: Net 'trap_mux_out[5]' in module 'mtvec_reg' is not driven
//  Warning: Net 'trap_mux_out[4]' in module 'mtvec_reg' is not driven
//  Warning: Net 'trap_mux_out[3]' in module 'mtvec_reg' is not driven
//  Warning: Net 'trap_mux_out[2]' in module 'mtvec_reg' is not driven
//  Warning: Net 'trap_mux_out[1]' in module 'mtvec_reg' is not driven
//  Warning: Net 'trap_mux_out[0]' in module 'mtvec_reg' is not driven
//  Warning: Net 'vec_mux_out[31]' in module 'mtvec_reg' has no pins
//  Warning: Net 'vec_mux_out[30]' in module 'mtvec_reg' has no pins
//  Warning: Net 'vec_mux_out[29]' in module 'mtvec_reg' has no pins
//  Warning: Net 'vec_mux_out[28]' in module 'mtvec_reg' has no pins
//  Warning: Net 'vec_mux_out[27]' in module 'mtvec_reg' has no pins
//  Warning: Net 'vec_mux_out[26]' in module 'mtvec_reg' has no pins
//  Warning: Net 'vec_mux_out[25]' in module 'mtvec_reg' has no pins
//  Warning: Net 'vec_mux_out[24]' in module 'mtvec_reg' has no pins
//  Warning: Net 'vec_mux_out[23]' in module 'mtvec_reg' has no pins
//  Warning: Net 'vec_mux_out[22]' in module 'mtvec_reg' has no pins
//  Warning: Net 'vec_mux_out[21]' in module 'mtvec_reg' has no pins
//  Warning: Net 'vec_mux_out[20]' in module 'mtvec_reg' has no pins
//  Warning: Net 'vec_mux_out[19]' in module 'mtvec_reg' has no pins
//  Warning: Net 'vec_mux_out[18]' in module 'mtvec_reg' has no pins
//  Warning: Net 'vec_mux_out[17]' in module 'mtvec_reg' has no pins
//  Warning: Net 'vec_mux_out[16]' in module 'mtvec_reg' has no pins
//  Warning: Net 'vec_mux_out[15]' in module 'mtvec_reg' has no pins
//  Warning: Net 'vec_mux_out[14]' in module 'mtvec_reg' has no pins
//  Warning: Net 'vec_mux_out[13]' in module 'mtvec_reg' has no pins
//  Warning: Net 'vec_mux_out[12]' in module 'mtvec_reg' has no pins
//  Warning: Net 'vec_mux_out[11]' in module 'mtvec_reg' has no pins
//  Warning: Net 'vec_mux_out[10]' in module 'mtvec_reg' has no pins
//  Warning: Net 'vec_mux_out[9]' in module 'mtvec_reg' has no pins
//  Warning: Net 'vec_mux_out[8]' in module 'mtvec_reg' has no pins
//  Warning: Net 'vec_mux_out[7]' in module 'mtvec_reg' has no pins
//  Warning: Net 'vec_mux_out[6]' in module 'mtvec_reg' has no pins
//  Warning: Net 'vec_mux_out[5]' in module 'mtvec_reg' has no pins
//  Warning: Net 'vec_mux_out[4]' in module 'mtvec_reg' has no pins
//  Warning: Net 'vec_mux_out[3]' in module 'mtvec_reg' has no pins
//  Warning: Net 'vec_mux_out[2]' in module 'mtvec_reg' has no pins
//  Warning: Net 'vec_mux_out[1]' in module 'mtvec_reg' has no pins
//  Warning: Net 'vec_mux_out[0]' in module 'mtvec_reg' has no pins
//  Warning: Net 'base_offset[31]' in module 'mtvec_reg' has no pins
//  Warning: Net 'base_offset[30]' in module 'mtvec_reg' has no pins
//  Warning: Net 'base_offset[29]' in module 'mtvec_reg' has no pins
//  Warning: Net 'base_offset[28]' in module 'mtvec_reg' has no pins
//  Warning: Net 'base_offset[27]' in module 'mtvec_reg' has no pins
//  Warning: Net 'base_offset[26]' in module 'mtvec_reg' has no pins
//  Warning: Net 'base_offset[25]' in module 'mtvec_reg' has no pins
//  Warning: Net 'base_offset[24]' in module 'mtvec_reg' has no pins
//  Warning: Net 'base_offset[23]' in module 'mtvec_reg' has no pins
//  Warning: Net 'base_offset[22]' in module 'mtvec_reg' has no pins
//  Warning: Net 'base_offset[21]' in module 'mtvec_reg' has no pins
//  Warning: Net 'base_offset[20]' in module 'mtvec_reg' has no pins
//  Warning: Net 'base_offset[19]' in module 'mtvec_reg' has no pins
//  Warning: Net 'base_offset[18]' in module 'mtvec_reg' has no pins
//  Warning: Net 'base_offset[17]' in module 'mtvec_reg' has no pins
//  Warning: Net 'base_offset[16]' in module 'mtvec_reg' has no pins
//  Warning: Net 'base_offset[15]' in module 'mtvec_reg' has no pins
//  Warning: Net 'base_offset[14]' in module 'mtvec_reg' has no pins
//  Warning: Net 'base_offset[13]' in module 'mtvec_reg' has no pins
//  Warning: Net 'base_offset[12]' in module 'mtvec_reg' has no pins
//  Warning: Net 'base_offset[11]' in module 'mtvec_reg' has no pins
//  Warning: Net 'base_offset[10]' in module 'mtvec_reg' has no pins
//  Warning: Net 'base_offset[9]' in module 'mtvec_reg' has no pins
//  Warning: Net 'base_offset[8]' in module 'mtvec_reg' has no pins
//  Warning: Net 'base_offset[7]' in module 'mtvec_reg' has no pins
//  Warning: Net 'base_offset[6]' in module 'mtvec_reg' has no pins
//  Warning: Net 'base_offset[5]' in module 'mtvec_reg' has no pins
//  Warning: Net 'base_offset[4]' in module 'mtvec_reg' has no pins
//  Warning: Net 'base_offset[3]' in module 'mtvec_reg' has no pins
//  Warning: Net 'base_offset[2]' in module 'mtvec_reg' has no pins
//  Warning: Net 'base_offset[1]' in module 'mtvec_reg' has no pins
//  Warning: Net 'base_offset[0]' in module 'mtvec_reg' has no pins
//  Warning: Net 'mscratch_out[31]' in module 'mepc_and_mscratch_reg' is not driven
//  Warning: Net 'mscratch_out[30]' in module 'mepc_and_mscratch_reg' is not driven
//  Warning: Net 'mscratch_out[29]' in module 'mepc_and_mscratch_reg' is not driven
//  Warning: Net 'mscratch_out[28]' in module 'mepc_and_mscratch_reg' is not driven
//  Warning: Net 'mscratch_out[27]' in module 'mepc_and_mscratch_reg' is not driven
//  Warning: Net 'mscratch_out[26]' in module 'mepc_and_mscratch_reg' is not driven
//  Warning: Net 'mscratch_out[25]' in module 'mepc_and_mscratch_reg' is not driven
//  Warning: Net 'mscratch_out[24]' in module 'mepc_and_mscratch_reg' is not driven
//  Warning: Net 'mscratch_out[23]' in module 'mepc_and_mscratch_reg' is not driven
//  Warning: Net 'mscratch_out[22]' in module 'mepc_and_mscratch_reg' is not driven
//  Warning: Net 'mscratch_out[21]' in module 'mepc_and_mscratch_reg' is not driven
//  Warning: Net 'mscratch_out[20]' in module 'mepc_and_mscratch_reg' is not driven
//  Warning: Net 'mscratch_out[19]' in module 'mepc_and_mscratch_reg' is not driven
//  Warning: Net 'mscratch_out[18]' in module 'mepc_and_mscratch_reg' is not driven
//  Warning: Net 'mscratch_out[17]' in module 'mepc_and_mscratch_reg' is not driven
//  Warning: Net 'mscratch_out[16]' in module 'mepc_and_mscratch_reg' is not driven
//  Warning: Net 'mscratch_out[15]' in module 'mepc_and_mscratch_reg' is not driven
//  Warning: Net 'mscratch_out[14]' in module 'mepc_and_mscratch_reg' is not driven
//  Warning: Net 'mscratch_out[13]' in module 'mepc_and_mscratch_reg' is not driven
//  Warning: Net 'mscratch_out[12]' in module 'mepc_and_mscratch_reg' is not driven
//  Warning: Net 'mscratch_out[11]' in module 'mepc_and_mscratch_reg' is not driven
//  Warning: Net 'mscratch_out[10]' in module 'mepc_and_mscratch_reg' is not driven
//  Warning: Net 'mscratch_out[9]' in module 'mepc_and_mscratch_reg' is not driven
//  Warning: Net 'mscratch_out[8]' in module 'mepc_and_mscratch_reg' is not driven
//  Warning: Net 'mscratch_out[7]' in module 'mepc_and_mscratch_reg' is not driven
//  Warning: Net 'mscratch_out[6]' in module 'mepc_and_mscratch_reg' is not driven
//  Warning: Net 'mscratch_out[5]' in module 'mepc_and_mscratch_reg' is not driven
//  Warning: Net 'mscratch_out[4]' in module 'mepc_and_mscratch_reg' is not driven
//  Warning: Net 'mscratch_out[3]' in module 'mepc_and_mscratch_reg' is not driven
//  Warning: Net 'mscratch_out[2]' in module 'mepc_and_mscratch_reg' is not driven
//  Warning: Net 'mscratch_out[1]' in module 'mepc_and_mscratch_reg' is not driven
//  Warning: Net 'mscratch_out[0]' in module 'mepc_and_mscratch_reg' is not driven
//  Warning: Net 'mepc_out[31]' in module 'mepc_and_mscratch_reg' is not driven
//  Warning: Net 'mepc_out[30]' in module 'mepc_and_mscratch_reg' is not driven
//  Warning: Net 'mepc_out[29]' in module 'mepc_and_mscratch_reg' is not driven
//  Warning: Net 'mepc_out[28]' in module 'mepc_and_mscratch_reg' is not driven
//  Warning: Net 'mepc_out[27]' in module 'mepc_and_mscratch_reg' is not driven
//  Warning: Net 'mepc_out[26]' in module 'mepc_and_mscratch_reg' is not driven
//  Warning: Net 'mepc_out[25]' in module 'mepc_and_mscratch_reg' is not driven
//  Warning: Net 'mepc_out[24]' in module 'mepc_and_mscratch_reg' is not driven
//  Warning: Net 'mepc_out[23]' in module 'mepc_and_mscratch_reg' is not driven
//  Warning: Net 'mepc_out[22]' in module 'mepc_and_mscratch_reg' is not driven
//  Warning: Net 'mepc_out[21]' in module 'mepc_and_mscratch_reg' is not driven
//  Warning: Net 'mepc_out[20]' in module 'mepc_and_mscratch_reg' is not driven
//  Warning: Net 'mepc_out[19]' in module 'mepc_and_mscratch_reg' is not driven
//  Warning: Net 'mepc_out[18]' in module 'mepc_and_mscratch_reg' is not driven
//  Warning: Net 'mepc_out[17]' in module 'mepc_and_mscratch_reg' is not driven
//  Warning: Net 'mepc_out[16]' in module 'mepc_and_mscratch_reg' is not driven
//  Warning: Net 'mepc_out[15]' in module 'mepc_and_mscratch_reg' is not driven
//  Warning: Net 'mepc_out[14]' in module 'mepc_and_mscratch_reg' is not driven
//  Warning: Net 'mepc_out[13]' in module 'mepc_and_mscratch_reg' is not driven
//  Warning: Net 'mepc_out[12]' in module 'mepc_and_mscratch_reg' is not driven
//  Warning: Net 'mepc_out[11]' in module 'mepc_and_mscratch_reg' is not driven
//  Warning: Net 'mepc_out[10]' in module 'mepc_and_mscratch_reg' is not driven
//  Warning: Net 'mepc_out[9]' in module 'mepc_and_mscratch_reg' is not driven
//  Warning: Net 'mepc_out[8]' in module 'mepc_and_mscratch_reg' is not driven
//  Warning: Net 'mepc_out[7]' in module 'mepc_and_mscratch_reg' is not driven
//  Warning: Net 'mepc_out[6]' in module 'mepc_and_mscratch_reg' is not driven
//  Warning: Net 'mepc_out[5]' in module 'mepc_and_mscratch_reg' is not driven
//  Warning: Net 'mepc_out[4]' in module 'mepc_and_mscratch_reg' is not driven
//  Warning: Net 'mepc_out[3]' in module 'mepc_and_mscratch_reg' is not driven
//  Warning: Net 'mepc_out[2]' in module 'mepc_and_mscratch_reg' is not driven
//  Warning: Net 'mepc_out[1]' in module 'mepc_and_mscratch_reg' is not driven
//  Warning: Net 'mepc_out[0]' in module 'mepc_and_mscratch_reg' is not driven
//  Warning: Net 'cause_out[3]' in module 'mcause_reg' is not driven
//  Warning: Net 'cause_out[2]' in module 'mcause_reg' is not driven
//  Warning: Net 'cause_out[1]' in module 'mcause_reg' is not driven
//  Warning: Net 'cause_out[0]' in module 'mcause_reg' is not driven
//  Warning: Net 'int_or_exc_out' in module 'mcause_reg' is not driven
//  Warning: Net 'cause_rem[26]' in module 'mcause_reg' is not driven
//  Warning: Net 'cause_rem[25]' in module 'mcause_reg' is not driven
//  Warning: Net 'cause_rem[24]' in module 'mcause_reg' is not driven
//  Warning: Net 'cause_rem[23]' in module 'mcause_reg' is not driven
//  Warning: Net 'cause_rem[22]' in module 'mcause_reg' is not driven
//  Warning: Net 'cause_rem[21]' in module 'mcause_reg' is not driven
//  Warning: Net 'cause_rem[20]' in module 'mcause_reg' is not driven
//  Warning: Net 'cause_rem[19]' in module 'mcause_reg' is not driven
//  Warning: Net 'cause_rem[18]' in module 'mcause_reg' is not driven
//  Warning: Net 'cause_rem[17]' in module 'mcause_reg' is not driven
//  Warning: Net 'cause_rem[16]' in module 'mcause_reg' is not driven
//  Warning: Net 'cause_rem[15]' in module 'mcause_reg' is not driven
//  Warning: Net 'cause_rem[14]' in module 'mcause_reg' is not driven
//  Warning: Net 'cause_rem[13]' in module 'mcause_reg' is not driven
//  Warning: Net 'cause_rem[12]' in module 'mcause_reg' is not driven
//  Warning: Net 'cause_rem[11]' in module 'mcause_reg' is not driven
//  Warning: Net 'cause_rem[10]' in module 'mcause_reg' is not driven
//  Warning: Net 'cause_rem[9]' in module 'mcause_reg' is not driven
//  Warning: Net 'cause_rem[8]' in module 'mcause_reg' is not driven
//  Warning: Net 'cause_rem[7]' in module 'mcause_reg' is not driven
//  Warning: Net 'cause_rem[6]' in module 'mcause_reg' is not driven
//  Warning: Net 'cause_rem[5]' in module 'mcause_reg' is not driven
//  Warning: Net 'cause_rem[4]' in module 'mcause_reg' is not driven
//  Warning: Net 'cause_rem[3]' in module 'mcause_reg' is not driven
//  Warning: Net 'cause_rem[2]' in module 'mcause_reg' is not driven
//  Warning: Net 'cause_rem[1]' in module 'mcause_reg' is not driven
//  Warning: Net 'cause_rem[0]' in module 'mcause_reg' is not driven
//  Warning: Net 'meip' in module 'mip_reg' is not driven
//  Warning: Net 'mtip' in module 'mip_reg' is not driven
//  Warning: Net 'msip' in module 'mip_reg' is not driven
//  Warning: Net 'mcountinhibit_cy_out' in module 'machine_counter_setup' is not driven
//  Warning: Net 'mcountinhibit_ir_out' in module 'machine_counter_setup' is not driven
//  Warning: Net 'mcountinhibit_out[31]' in module 'machine_counter_setup' is not driven
//  Warning: Net 'mcountinhibit_out[30]' in module 'machine_counter_setup' is not driven
//  Warning: Net 'mcountinhibit_out[29]' in module 'machine_counter_setup' is not driven
//  Warning: Net 'mcountinhibit_out[28]' in module 'machine_counter_setup' is not driven
//  Warning: Net 'mcountinhibit_out[27]' in module 'machine_counter_setup' is not driven
//  Warning: Net 'mcountinhibit_out[26]' in module 'machine_counter_setup' is not driven
//  Warning: Net 'mcountinhibit_out[25]' in module 'machine_counter_setup' is not driven
//  Warning: Net 'mcountinhibit_out[24]' in module 'machine_counter_setup' is not driven
//  Warning: Net 'mcountinhibit_out[23]' in module 'machine_counter_setup' is not driven
//  Warning: Net 'mcountinhibit_out[22]' in module 'machine_counter_setup' is not driven
//  Warning: Net 'mcountinhibit_out[21]' in module 'machine_counter_setup' is not driven
//  Warning: Net 'mcountinhibit_out[20]' in module 'machine_counter_setup' is not driven
//  Warning: Net 'mcountinhibit_out[19]' in module 'machine_counter_setup' is not driven
//  Warning: Net 'mcountinhibit_out[18]' in module 'machine_counter_setup' is not driven
//  Warning: Net 'mcountinhibit_out[17]' in module 'machine_counter_setup' is not driven
//  Warning: Net 'mcountinhibit_out[16]' in module 'machine_counter_setup' is not driven
//  Warning: Net 'mcountinhibit_out[15]' in module 'machine_counter_setup' is not driven
//  Warning: Net 'mcountinhibit_out[14]' in module 'machine_counter_setup' is not driven
//  Warning: Net 'mcountinhibit_out[13]' in module 'machine_counter_setup' is not driven
//  Warning: Net 'mcountinhibit_out[12]' in module 'machine_counter_setup' is not driven
//  Warning: Net 'mcountinhibit_out[11]' in module 'machine_counter_setup' is not driven
//  Warning: Net 'mcountinhibit_out[10]' in module 'machine_counter_setup' is not driven
//  Warning: Net 'mcountinhibit_out[9]' in module 'machine_counter_setup' is not driven
//  Warning: Net 'mcountinhibit_out[8]' in module 'machine_counter_setup' is not driven
//  Warning: Net 'mcountinhibit_out[7]' in module 'machine_counter_setup' is not driven
//  Warning: Net 'mcountinhibit_out[6]' in module 'machine_counter_setup' is not driven
//  Warning: Net 'mcountinhibit_out[5]' in module 'machine_counter_setup' is not driven
//  Warning: Net 'mcountinhibit_out[4]' in module 'machine_counter_setup' is not driven
//  Warning: Net 'mcountinhibit_out[3]' in module 'machine_counter_setup' is not driven
//  Warning: Net 'mcountinhibit_out[2]' in module 'machine_counter_setup' is not driven
//  Warning: Net 'mcountinhibit_out[1]' in module 'machine_counter_setup' is not driven
//  Warning: Net 'mcountinhibit_out[0]' in module 'machine_counter_setup' is not driven
//  Warning: Net 'result_out[31]' in module 'msrv32_alu' is not driven
//  Warning: Net 'result_out[30]' in module 'msrv32_alu' is not driven
//  Warning: Net 'result_out[29]' in module 'msrv32_alu' is not driven
//  Warning: Net 'result_out[28]' in module 'msrv32_alu' is not driven
//  Warning: Net 'result_out[27]' in module 'msrv32_alu' is not driven
//  Warning: Net 'result_out[26]' in module 'msrv32_alu' is not driven
//  Warning: Net 'result_out[25]' in module 'msrv32_alu' is not driven
//  Warning: Net 'result_out[24]' in module 'msrv32_alu' is not driven
//  Warning: Net 'result_out[23]' in module 'msrv32_alu' is not driven
//  Warning: Net 'result_out[22]' in module 'msrv32_alu' is not driven
//  Warning: Net 'result_out[21]' in module 'msrv32_alu' is not driven
//  Warning: Net 'result_out[20]' in module 'msrv32_alu' is not driven
//  Warning: Net 'result_out[19]' in module 'msrv32_alu' is not driven
//  Warning: Net 'result_out[18]' in module 'msrv32_alu' is not driven
//  Warning: Net 'result_out[17]' in module 'msrv32_alu' is not driven
//  Warning: Net 'result_out[16]' in module 'msrv32_alu' is not driven
//  Warning: Net 'result_out[15]' in module 'msrv32_alu' is not driven
//  Warning: Net 'result_out[14]' in module 'msrv32_alu' is not driven
//  Warning: Net 'result_out[13]' in module 'msrv32_alu' is not driven
//  Warning: Net 'result_out[12]' in module 'msrv32_alu' is not driven
//  Warning: Net 'result_out[11]' in module 'msrv32_alu' is not driven
//  Warning: Net 'result_out[10]' in module 'msrv32_alu' is not driven
//  Warning: Net 'result_out[9]' in module 'msrv32_alu' is not driven
//  Warning: Net 'result_out[8]' in module 'msrv32_alu' is not driven
//  Warning: Net 'result_out[7]' in module 'msrv32_alu' is not driven
//  Warning: Net 'result_out[6]' in module 'msrv32_alu' is not driven
//  Warning: Net 'result_out[5]' in module 'msrv32_alu' is not driven
//  Warning: Net 'result_out[4]' in module 'msrv32_alu' is not driven
//  Warning: Net 'result_out[3]' in module 'msrv32_alu' is not driven
//  Warning: Net 'result_out[2]' in module 'msrv32_alu' is not driven
//  Warning: Net 'result_out[1]' in module 'msrv32_alu' is not driven
//  Warning: Net 'result_out[0]' in module 'msrv32_alu' is not driven
//  Warning: Net 'adder_op2[31]' in module 'msrv32_alu' has no pins
//  Warning: Net 'adder_op2[30]' in module 'msrv32_alu' has no pins
//  Warning: Net 'adder_op2[29]' in module 'msrv32_alu' has no pins
//  Warning: Net 'adder_op2[28]' in module 'msrv32_alu' has no pins
//  Warning: Net 'adder_op2[27]' in module 'msrv32_alu' has no pins
//  Warning: Net 'adder_op2[26]' in module 'msrv32_alu' has no pins
//  Warning: Net 'adder_op2[25]' in module 'msrv32_alu' has no pins
//  Warning: Net 'adder_op2[24]' in module 'msrv32_alu' has no pins
//  Warning: Net 'adder_op2[23]' in module 'msrv32_alu' has no pins
//  Warning: Net 'adder_op2[22]' in module 'msrv32_alu' has no pins
//  Warning: Net 'adder_op2[21]' in module 'msrv32_alu' has no pins
//  Warning: Net 'adder_op2[20]' in module 'msrv32_alu' has no pins
//  Warning: Net 'adder_op2[19]' in module 'msrv32_alu' has no pins
//  Warning: Net 'adder_op2[18]' in module 'msrv32_alu' has no pins
//  Warning: Net 'adder_op2[17]' in module 'msrv32_alu' has no pins
//  Warning: Net 'adder_op2[16]' in module 'msrv32_alu' has no pins
//  Warning: Net 'adder_op2[15]' in module 'msrv32_alu' has no pins
//  Warning: Net 'adder_op2[14]' in module 'msrv32_alu' has no pins
//  Warning: Net 'adder_op2[13]' in module 'msrv32_alu' has no pins
//  Warning: Net 'adder_op2[12]' in module 'msrv32_alu' has no pins
//  Warning: Net 'adder_op2[11]' in module 'msrv32_alu' has no pins
//  Warning: Net 'adder_op2[10]' in module 'msrv32_alu' has no pins
//  Warning: Net 'adder_op2[9]' in module 'msrv32_alu' has no pins
//  Warning: Net 'adder_op2[8]' in module 'msrv32_alu' has no pins
//  Warning: Net 'adder_op2[7]' in module 'msrv32_alu' has no pins
//  Warning: Net 'adder_op2[6]' in module 'msrv32_alu' has no pins
//  Warning: Net 'adder_op2[5]' in module 'msrv32_alu' has no pins
//  Warning: Net 'adder_op2[4]' in module 'msrv32_alu' has no pins
//  Warning: Net 'adder_op2[3]' in module 'msrv32_alu' has no pins
//  Warning: Net 'adder_op2[2]' in module 'msrv32_alu' has no pins
//  Warning: Net 'adder_op2[1]' in module 'msrv32_alu' has no pins
//  Warning: Net 'adder_op2[0]' in module 'msrv32_alu' has no pins
//  Warning: Net 'minus_op2[31]' in module 'msrv32_alu' has no pins
//  Warning: Net 'minus_op2[30]' in module 'msrv32_alu' has no pins
//  Warning: Net 'minus_op2[29]' in module 'msrv32_alu' has no pins
//  Warning: Net 'minus_op2[28]' in module 'msrv32_alu' has no pins
//  Warning: Net 'minus_op2[27]' in module 'msrv32_alu' has no pins
//  Warning: Net 'minus_op2[26]' in module 'msrv32_alu' has no pins
//  Warning: Net 'minus_op2[25]' in module 'msrv32_alu' has no pins
//  Warning: Net 'minus_op2[24]' in module 'msrv32_alu' has no pins
//  Warning: Net 'minus_op2[23]' in module 'msrv32_alu' has no pins
//  Warning: Net 'minus_op2[22]' in module 'msrv32_alu' has no pins
//  Warning: Net 'minus_op2[21]' in module 'msrv32_alu' has no pins
//  Warning: Net 'minus_op2[20]' in module 'msrv32_alu' has no pins
//  Warning: Net 'minus_op2[19]' in module 'msrv32_alu' has no pins
//  Warning: Net 'minus_op2[18]' in module 'msrv32_alu' has no pins
//  Warning: Net 'minus_op2[17]' in module 'msrv32_alu' has no pins
//  Warning: Net 'minus_op2[16]' in module 'msrv32_alu' has no pins
//  Warning: Net 'minus_op2[15]' in module 'msrv32_alu' has no pins
//  Warning: Net 'minus_op2[14]' in module 'msrv32_alu' has no pins
//  Warning: Net 'minus_op2[13]' in module 'msrv32_alu' has no pins
//  Warning: Net 'minus_op2[12]' in module 'msrv32_alu' has no pins
//  Warning: Net 'minus_op2[11]' in module 'msrv32_alu' has no pins
//  Warning: Net 'minus_op2[10]' in module 'msrv32_alu' has no pins
//  Warning: Net 'minus_op2[9]' in module 'msrv32_alu' has no pins
//  Warning: Net 'minus_op2[8]' in module 'msrv32_alu' has no pins
//  Warning: Net 'minus_op2[7]' in module 'msrv32_alu' has no pins
//  Warning: Net 'minus_op2[6]' in module 'msrv32_alu' has no pins
//  Warning: Net 'minus_op2[5]' in module 'msrv32_alu' has no pins
//  Warning: Net 'minus_op2[4]' in module 'msrv32_alu' has no pins
//  Warning: Net 'minus_op2[3]' in module 'msrv32_alu' has no pins
//  Warning: Net 'minus_op2[2]' in module 'msrv32_alu' has no pins
//  Warning: Net 'minus_op2[1]' in module 'msrv32_alu' has no pins
//  Warning: Net 'minus_op2[0]' in module 'msrv32_alu' has no pins
//  Warning: Net 'sra_result[31]' in module 'msrv32_alu' has no pins
//  Warning: Net 'sra_result[30]' in module 'msrv32_alu' has no pins
//  Warning: Net 'sra_result[29]' in module 'msrv32_alu' has no pins
//  Warning: Net 'sra_result[28]' in module 'msrv32_alu' has no pins
//  Warning: Net 'sra_result[27]' in module 'msrv32_alu' has no pins
//  Warning: Net 'sra_result[26]' in module 'msrv32_alu' has no pins
//  Warning: Net 'sra_result[25]' in module 'msrv32_alu' has no pins
//  Warning: Net 'sra_result[24]' in module 'msrv32_alu' has no pins
//  Warning: Net 'sra_result[23]' in module 'msrv32_alu' has no pins
//  Warning: Net 'sra_result[22]' in module 'msrv32_alu' has no pins
//  Warning: Net 'sra_result[21]' in module 'msrv32_alu' has no pins
//  Warning: Net 'sra_result[20]' in module 'msrv32_alu' has no pins
//  Warning: Net 'sra_result[19]' in module 'msrv32_alu' has no pins
//  Warning: Net 'sra_result[18]' in module 'msrv32_alu' has no pins
//  Warning: Net 'sra_result[17]' in module 'msrv32_alu' has no pins
//  Warning: Net 'sra_result[16]' in module 'msrv32_alu' has no pins
//  Warning: Net 'sra_result[15]' in module 'msrv32_alu' has no pins
//  Warning: Net 'sra_result[14]' in module 'msrv32_alu' has no pins
//  Warning: Net 'sra_result[13]' in module 'msrv32_alu' has no pins
//  Warning: Net 'sra_result[12]' in module 'msrv32_alu' has no pins
//  Warning: Net 'sra_result[11]' in module 'msrv32_alu' has no pins
//  Warning: Net 'sra_result[10]' in module 'msrv32_alu' has no pins
//  Warning: Net 'sra_result[9]' in module 'msrv32_alu' has no pins
//  Warning: Net 'sra_result[8]' in module 'msrv32_alu' has no pins
//  Warning: Net 'sra_result[7]' in module 'msrv32_alu' has no pins
//  Warning: Net 'sra_result[6]' in module 'msrv32_alu' has no pins
//  Warning: Net 'sra_result[5]' in module 'msrv32_alu' has no pins
//  Warning: Net 'sra_result[4]' in module 'msrv32_alu' has no pins
//  Warning: Net 'sra_result[3]' in module 'msrv32_alu' has no pins
//  Warning: Net 'sra_result[2]' in module 'msrv32_alu' has no pins
//  Warning: Net 'sra_result[1]' in module 'msrv32_alu' has no pins
//  Warning: Net 'sra_result[0]' in module 'msrv32_alu' has no pins
//  Warning: Net 'srl_result[31]' in module 'msrv32_alu' has no pins
//  Warning: Net 'srl_result[30]' in module 'msrv32_alu' has no pins
//  Warning: Net 'srl_result[29]' in module 'msrv32_alu' has no pins
//  Warning: Net 'srl_result[28]' in module 'msrv32_alu' has no pins
//  Warning: Net 'srl_result[27]' in module 'msrv32_alu' has no pins
//  Warning: Net 'srl_result[26]' in module 'msrv32_alu' has no pins
//  Warning: Net 'srl_result[25]' in module 'msrv32_alu' has no pins
//  Warning: Net 'srl_result[24]' in module 'msrv32_alu' has no pins
//  Warning: Net 'srl_result[23]' in module 'msrv32_alu' has no pins
//  Warning: Net 'srl_result[22]' in module 'msrv32_alu' has no pins
//  Warning: Net 'srl_result[21]' in module 'msrv32_alu' has no pins
//  Warning: Net 'srl_result[20]' in module 'msrv32_alu' has no pins
//  Warning: Net 'srl_result[19]' in module 'msrv32_alu' has no pins
//  Warning: Net 'srl_result[18]' in module 'msrv32_alu' has no pins
//  Warning: Net 'srl_result[17]' in module 'msrv32_alu' has no pins
//  Warning: Net 'srl_result[16]' in module 'msrv32_alu' has no pins
//  Warning: Net 'srl_result[15]' in module 'msrv32_alu' has no pins
//  Warning: Net 'srl_result[14]' in module 'msrv32_alu' has no pins
//  Warning: Net 'srl_result[13]' in module 'msrv32_alu' has no pins
//  Warning: Net 'srl_result[12]' in module 'msrv32_alu' has no pins
//  Warning: Net 'srl_result[11]' in module 'msrv32_alu' has no pins
//  Warning: Net 'srl_result[10]' in module 'msrv32_alu' has no pins
//  Warning: Net 'srl_result[9]' in module 'msrv32_alu' has no pins
//  Warning: Net 'srl_result[8]' in module 'msrv32_alu' has no pins
//  Warning: Net 'srl_result[7]' in module 'msrv32_alu' has no pins
//  Warning: Net 'srl_result[6]' in module 'msrv32_alu' has no pins
//  Warning: Net 'srl_result[5]' in module 'msrv32_alu' has no pins
//  Warning: Net 'srl_result[4]' in module 'msrv32_alu' has no pins
//  Warning: Net 'srl_result[3]' in module 'msrv32_alu' has no pins
//  Warning: Net 'srl_result[2]' in module 'msrv32_alu' has no pins
//  Warning: Net 'srl_result[1]' in module 'msrv32_alu' has no pins
//  Warning: Net 'srl_result[0]' in module 'msrv32_alu' has no pins
//  Warning: Net 'shr_result[31]' in module 'msrv32_alu' has no pins
//  Warning: Net 'shr_result[30]' in module 'msrv32_alu' has no pins
//  Warning: Net 'shr_result[29]' in module 'msrv32_alu' has no pins
//  Warning: Net 'shr_result[28]' in module 'msrv32_alu' has no pins
//  Warning: Net 'shr_result[27]' in module 'msrv32_alu' has no pins
//  Warning: Net 'shr_result[26]' in module 'msrv32_alu' has no pins
//  Warning: Net 'shr_result[25]' in module 'msrv32_alu' has no pins
//  Warning: Net 'shr_result[24]' in module 'msrv32_alu' has no pins
//  Warning: Net 'shr_result[23]' in module 'msrv32_alu' has no pins
//  Warning: Net 'shr_result[22]' in module 'msrv32_alu' has no pins
//  Warning: Net 'shr_result[21]' in module 'msrv32_alu' has no pins
//  Warning: Net 'shr_result[20]' in module 'msrv32_alu' has no pins
//  Warning: Net 'shr_result[19]' in module 'msrv32_alu' has no pins
//  Warning: Net 'shr_result[18]' in module 'msrv32_alu' has no pins
//  Warning: Net 'shr_result[17]' in module 'msrv32_alu' has no pins
//  Warning: Net 'shr_result[16]' in module 'msrv32_alu' has no pins
//  Warning: Net 'shr_result[15]' in module 'msrv32_alu' has no pins
//  Warning: Net 'shr_result[14]' in module 'msrv32_alu' has no pins
//  Warning: Net 'shr_result[13]' in module 'msrv32_alu' has no pins
//  Warning: Net 'shr_result[12]' in module 'msrv32_alu' has no pins
//  Warning: Net 'shr_result[11]' in module 'msrv32_alu' has no pins
//  Warning: Net 'shr_result[10]' in module 'msrv32_alu' has no pins
//  Warning: Net 'shr_result[9]' in module 'msrv32_alu' has no pins
//  Warning: Net 'shr_result[8]' in module 'msrv32_alu' has no pins
//  Warning: Net 'shr_result[7]' in module 'msrv32_alu' has no pins
//  Warning: Net 'shr_result[6]' in module 'msrv32_alu' has no pins
//  Warning: Net 'shr_result[5]' in module 'msrv32_alu' has no pins
//  Warning: Net 'shr_result[4]' in module 'msrv32_alu' has no pins
//  Warning: Net 'shr_result[3]' in module 'msrv32_alu' has no pins
//  Warning: Net 'shr_result[2]' in module 'msrv32_alu' has no pins
//  Warning: Net 'shr_result[1]' in module 'msrv32_alu' has no pins
//  Warning: Net 'shr_result[0]' in module 'msrv32_alu' has no pins
//  Warning: Net 'slt_result' in module 'msrv32_alu' has no pins
//  Warning: Net 'sltu_result' in module 'msrv32_alu' has no pins
//  Warning: Net 'pre_result[31]' in module 'msrv32_alu' has no pins
//  Warning: Net 'pre_result[30]' in module 'msrv32_alu' has no pins
//  Warning: Net 'pre_result[29]' in module 'msrv32_alu' has no pins
//  Warning: Net 'pre_result[28]' in module 'msrv32_alu' has no pins
//  Warning: Net 'pre_result[27]' in module 'msrv32_alu' has no pins
//  Warning: Net 'pre_result[26]' in module 'msrv32_alu' has no pins
//  Warning: Net 'pre_result[25]' in module 'msrv32_alu' has no pins
//  Warning: Net 'pre_result[24]' in module 'msrv32_alu' has no pins
//  Warning: Net 'pre_result[23]' in module 'msrv32_alu' has no pins
//  Warning: Net 'pre_result[22]' in module 'msrv32_alu' has no pins
//  Warning: Net 'pre_result[21]' in module 'msrv32_alu' has no pins
//  Warning: Net 'pre_result[20]' in module 'msrv32_alu' has no pins
//  Warning: Net 'pre_result[19]' in module 'msrv32_alu' has no pins
//  Warning: Net 'pre_result[18]' in module 'msrv32_alu' has no pins
//  Warning: Net 'pre_result[17]' in module 'msrv32_alu' has no pins
//  Warning: Net 'pre_result[16]' in module 'msrv32_alu' has no pins
//  Warning: Net 'pre_result[15]' in module 'msrv32_alu' has no pins
//  Warning: Net 'pre_result[14]' in module 'msrv32_alu' has no pins
//  Warning: Net 'pre_result[13]' in module 'msrv32_alu' has no pins
//  Warning: Net 'pre_result[12]' in module 'msrv32_alu' has no pins
//  Warning: Net 'pre_result[11]' in module 'msrv32_alu' has no pins
//  Warning: Net 'pre_result[10]' in module 'msrv32_alu' has no pins
//  Warning: Net 'pre_result[9]' in module 'msrv32_alu' has no pins
//  Warning: Net 'pre_result[8]' in module 'msrv32_alu' has no pins
//  Warning: Net 'pre_result[7]' in module 'msrv32_alu' has no pins
//  Warning: Net 'pre_result[6]' in module 'msrv32_alu' has no pins
//  Warning: Net 'pre_result[5]' in module 'msrv32_alu' has no pins
//  Warning: Net 'pre_result[4]' in module 'msrv32_alu' has no pins
//  Warning: Net 'pre_result[3]' in module 'msrv32_alu' has no pins
//  Warning: Net 'pre_result[2]' in module 'msrv32_alu' has no pins
//  Warning: Net 'pre_result[1]' in module 'msrv32_alu' has no pins
//  Warning: Net 'pre_result[0]' in module 'msrv32_alu' has no pins
//  Warning: Net 'host_bscan_to_sel' in module 'msrv32_top_pass1_rtl_tessent_tap_main' is not driven
//  Warning: Net 'force_disable' in module 'msrv32_top_pass1_rtl_tessent_tap_main' is not driven
//  Warning: Net 'select_jtag_input' in module 'msrv32_top_pass1_rtl_tessent_tap_main' is not driven
//  Warning: Net 'select_jtag_output' in module 'msrv32_top_pass1_rtl_tessent_tap_main' is not driven
//  Warning: Net 'extest_pulse' in module 'msrv32_top_pass1_rtl_tessent_tap_main' is not driven
//  Warning: Net 'extest_train' in module 'msrv32_top_pass1_rtl_tessent_tap_main' is not driven
//  Warning: Net 'tdo_en' in module 'msrv32_top_pass1_rtl_tessent_tap_main' is not driven
//  Warning: Net 'instruction[3]' in module 'msrv32_top_pass1_rtl_tessent_tap_main' has no pins
//  Warning: Net 'instruction[2]' in module 'msrv32_top_pass1_rtl_tessent_tap_main' has no pins
//  Warning: Net 'instruction[1]' in module 'msrv32_top_pass1_rtl_tessent_tap_main' has no pins
//  Warning: Net 'instruction[0]' in module 'msrv32_top_pass1_rtl_tessent_tap_main' has no pins
//  Warning: Net 'instruction_latch[3]' in module 'msrv32_top_pass1_rtl_tessent_tap_main' has no pins
//  Warning: Net 'instruction_latch[2]' in module 'msrv32_top_pass1_rtl_tessent_tap_main' has no pins
//  Warning: Net 'instruction_latch[1]' in module 'msrv32_top_pass1_rtl_tessent_tap_main' has no pins
//  Warning: Net 'instruction_latch[0]' in module 'msrv32_top_pass1_rtl_tessent_tap_main' has no pins
//  Warning: Net 'bypass' in module 'msrv32_top_pass1_rtl_tessent_tap_main' has no pins
//  Warning: Net 'host_1_to_sel_int' in module 'msrv32_top_pass1_rtl_tessent_tap_main' is not driven
//  Warning: Net 'retiming_tdo' in module 'msrv32_top_pass1_rtl_tessent_tap_main' is not driven
//  Warning: Net 'tdo_int' in module 'msrv32_top_pass1_rtl_tessent_tap_main' has no pins
//  Warning: Net 'tdr_mux' in module 'msrv32_top_pass1_rtl_tessent_tap_main' has no pins
//  Warning: Net 'tlr' in module 'msrv32_top_pass1_rtl_tessent_tap_main' has no pins
//  Warning: Net 'bypass_or_unknown_instruction' in module 'msrv32_top_pass1_rtl_tessent_tap_main' has no pins
//  Warning: Net 'BYPASS_decoded' in module 'msrv32_top_pass1_rtl_tessent_tap_main' has no pins
//  Warning: Net 'CLAMP_decoded' in module 'msrv32_top_pass1_rtl_tessent_tap_main' has no pins
//  Warning: Net 'EXTEST_decoded' in module 'msrv32_top_pass1_rtl_tessent_tap_main' has no pins
//  Warning: Net 'EXTEST_PULSE_decoded' in module 'msrv32_top_pass1_rtl_tessent_tap_main' is not driven
//  Warning: Net 'EXTEST_TRAIN_decoded' in module 'msrv32_top_pass1_rtl_tessent_tap_main' is not driven
//  Warning: Net 'INTEST_decoded' in module 'msrv32_top_pass1_rtl_tessent_tap_main' is not driven
//  Warning: Net 'SAMPLE_PRELOAD_decoded' in module 'msrv32_top_pass1_rtl_tessent_tap_main' has no pins
//  Warning: Net 'HIGHZ_decoded' in module 'msrv32_top_pass1_rtl_tessent_tap_main' is not driven
//  Warning: Net 'HOSTIJTAG_1_decoded' in module 'msrv32_top_pass1_rtl_tessent_tap_main' has no pins
//  Warning: Net 'BYPASS_decoded_latched' in module 'msrv32_top_pass1_rtl_tessent_tap_main' has no pins
//  Warning: Net 'host_bscan_to_sel_int' in module 'msrv32_top_pass1_rtl_tessent_tap_main' has no pins
//  Warning: Net 'select_jtag_output_int' in module 'msrv32_top_pass1_rtl_tessent_tap_main' has no pins
//  Warning: Floating input 'CK' at instance 'tessent_persistent_cell_update_clock_gater_inst' in module 'msrv32_top_pass1_rtl_tessent_bscan_interface'
//  Warning: Net 'to_bscan_force_disable' in module 'msrv32_top_pass1_rtl_tessent_bscan_interface' is not driven
//  Warning: Net 'to_bscan_shift_en' in module 'msrv32_top_pass1_rtl_tessent_bscan_interface' is not driven
//  Warning: Net 'to_bscan_update_en' in module 'msrv32_top_pass1_rtl_tessent_bscan_interface' is not driven
//  Warning: Net 'to_bscan_capture_en' in module 'msrv32_top_pass1_rtl_tessent_bscan_interface' is not driven
//  Warning: Net 'to_bscan_select_jtag_output' in module 'msrv32_top_pass1_rtl_tessent_bscan_interface' is not driven
//  Warning: Net 'to_bscan_pad_sel' in module 'msrv32_top_pass1_rtl_tessent_bscan_interface' is not driven
//  Warning: Net 'capture_shift_clock_enable_wire' in module 'msrv32_top_pass1_rtl_tessent_bscan_interface' is not driven
//  Warning: Net 'update_clock_enable_wire' in module 'msrv32_top_pass1_rtl_tessent_bscan_interface' is not driven
//  Warning: Net 'SJI_Mux' in module 'msrv32_top_pass1_rtl_tessent_bscan_cell_in' is not driven
//  Warning: Net 'bscanShiftMux' in module 'msrv32_top_pass1_rtl_tessent_bscan_cell_in' has no pins
//  Warning: Net 'retimeElem' in module 'msrv32_top_pass1_rtl_tessent_bscan_cell_in' is not driven
//  Warning: Net 'bscanReg' in module 'msrv32_top_pass1_rtl_tessent_bscan_cell_in' has no pins
//  Warning: Net 'updLatch' in module 'msrv32_top_pass1_rtl_tessent_bscan_cell_in' has no pins
//  Warning: Net 'padEnable1' in module 'msrv32_top_pass1_rtl_tessent_bscan_cell_en_1' is not driven
//  Warning: Net 'SJO_Mux' in module 'msrv32_top_pass1_rtl_tessent_bscan_cell_en_1' has no pins
//  Warning: Net 'bscanShiftMux' in module 'msrv32_top_pass1_rtl_tessent_bscan_cell_en_1' has no pins
//  Warning: Net 'retimeElem' in module 'msrv32_top_pass1_rtl_tessent_bscan_cell_en_1' is not driven
//  Warning: Net 'bscanReg' in module 'msrv32_top_pass1_rtl_tessent_bscan_cell_en_1' has no pins
//  Warning: Net 'updLatch' in module 'msrv32_top_pass1_rtl_tessent_bscan_cell_en_1' has no pins
//  Warning: Net 'SJO_Mux' in module 'msrv32_top_pass1_rtl_tessent_bscan_cell_out' is not driven
//  Warning: Net 'bscanShiftMux' in module 'msrv32_top_pass1_rtl_tessent_bscan_cell_out' has no pins
//  Warning: Net 'retimeElem' in module 'msrv32_top_pass1_rtl_tessent_bscan_cell_out' is not driven
//  Warning: Net 'bscanReg' in module 'msrv32_top_pass1_rtl_tessent_bscan_cell_out' has no pins
//  Warning: Net 'updLatch' in module 'msrv32_top_pass1_rtl_tessent_bscan_cell_out' has no pins
//  ---------------------------------------------------------------------------
//  Begin ICL elaboration and checking.
//  -----------------------------------
//  ICL elaboration completed, CPU time=0.03 sec.
//  ---------------------------------------------------------------------------
SETUP> 
SETUP> set_design_level chip
SETUP> 
SETUP> set_dft_specification_requirements -logic_test on
SETUP> 
SETUP> check_design_rules
//  ---------------------------------------------------------------------------
//  Begin RTL synthesis.
//  --------------------
//  Synthesized modules=34, Time=4.80 sec.
//  ---------------------------------------------------------------------------
//  Warning: Rule FN4 violation occurs 2 times
//  Flattening process completed, cell instances=25870, gates=41940, PIs=154, POs=107, CPU time=0.32 sec.
//  ---------------------------------------------------------------------------
//  Begin circuit learning analyses.
//  --------------------------------
//  Learning completed, CPU time=0.15 sec.
//  Error: The pin 'REG2/rtlcreg_rd_addr_reg_out_1/CP' (41077.3) is sourced by port 'ms_riscv32_mp_clk_in' (1.0)
//         but the port was not defined as clock using the 'add_clocks -period' command. (DFT_C6-1)
//  Note: Adding DFT signal 'async_set_reset_static_disable' with the -create_with_tdr option.
//  Note: Adding DFT signal 'async_set_reset_dynamic_disable' with the -create_from_other_signals option.
//  Note: There was 1 'add_dft_control_points -type async_set_reset' command inferred from DRC. Use report_dft_control_points to see it.
//  Error: There was 1 DFT_C6 violation (Clock of scannable flip-flops not properly sourced by a declared clock).
//  36 gates may have an observable X-state. (E5)
//  Warning: There were 71 BUS gates which may have possible contention. (E10)
//  ATPG bus checking results: pass=0, bidi=0, fail=71, abort=0, CPU time=0.01 sec.
//  Error: Rules checking unsuccessful, cannot exit SETUP mode.
SETUP> add_clocks [get_ports ms_riscv32_mp_clk_in] -period 6ns -label clk
SETUP> add_clocks [get_ports ms_riscv32_mp_clk_in] -period 6ns -label clk[8Gcheck_design_rules[K
//  Note: There was 1 'add_dft_control_points -type async_set_reset' command inferred from DRC. Use report_dft_control_points to see it.
//  36 gates may have an observable X-state. (E5)
//  Warning: There were 71 BUS gates which may have possible contention. (E10)
//  ATPG bus checking results: pass=0, bidi=0, fail=71, abort=0, CPU time=0.01 sec.
ANALYSIS> set spec [create_dft_specification -sti_sib_list {edt occ lbist}]
//  sub-command: create_dft_specification -sti_sib_list "edt occ lbist" 
//  
//  Begin creation of DftSpecification(msrv32_top,pass2_rtl)
//    Creation of RtlCells wrapper
//    Creation of IjtagNetwork wrapper
//  
//  Done  creation of DftSpecification(msrv32_top,pass2_rtl)
//  
/DftSpecification(msrv32_top,pass2_rtl)
ANALYSIS> report_config_data $spec

DftSpecification(msrv32_top,pass2_rtl) {
  IjtagNetwork {
    HostScanInterface(tap) {
      Interface {
        tck : tck;
      }
      Tap(main) {
        HostIjtag(1) {
          Sib(sri) {
            Attributes {
              tessent_dft_function : scan_resource_instrument_host;
            }
            Sib(sri_ctrl) {
              Tdr(sri_ctrl) {
                Attributes {
                  tessent_dft_function : scan_resource_instrument_dft_control;
                }
              }
            }
          }
          Sib(sti) {
            Attributes {
              tessent_dft_function : scan_tested_instrument_host;
            }
            Sib(edt) {
            }
            Sib(occ) {
            }
            Sib(lbist) {
            }
          }
        }
        HostBscan {
        }
      }
    }
  }
}
ANALYSIS> read_config_data ../logic_instruments_main.dfpspec -in_wrapper $spec -replace
ANALYSIS> report_config_data $spec 

DftSpecification(msrv32_top,pass2_rtl) {
  IjtagNetwork {
    HostScanInterface(tap) {
      Interface {
        tck : tck;
      }
      Tap(main) {
        HostIjtag(1) {
          Sib(sri) {
            Attributes {
              tessent_dft_function : scan_resource_instrument_host;
            }
            Sib(sri_ctrl) {
              Tdr(sri_ctrl) {
                Attributes {
                  tessent_dft_function : scan_resource_instrument_dft_control;
                }
              }
            }
          }
          Sib(sti) {
            Attributes {
              tessent_dft_function : scan_tested_instrument_host;
            }
            Sib(edt) {
            }
            Sib(occ) {
            }
            Sib(lbist) {
            }
          }
        }
        HostBscan {
        }
      }
    }
  }
  OCC {
    ijtag_host_interface : Sib(occ);
    capture_trigger : capture_en;
    static_clock_control : both;
    Controller(ms_riscv32_mp_clk_in_p) {
      clock_intercept_nodes : ms_riscv32_mp_clk_in_p;
    }
    Controller(ramclk_p) {
      clock_intercept_nodes : ramclk_p;
    }
  }
  LogicBist {
    ijtag_host_interface : Sib(lbist);
    Controller(c0) {
      burn_in : on;
      pre_post_shift_dead_cycles : 8;
      SingleChainForDiagnosis {
        present : on;
      }
      ShiftCycles {
        max : 40;
        hardware_default : 33;
      }
      CaptureCycles {
        max : 4;
      }
      // hardware default is max
      PatternCount {
        max : 10000;
        hardware_default : 1024;
      }
      // hardware default is 0
      WarmupPatternCount {
        max : 512;
      }
      ControllerChain {
        segment_per_instrument : off;
        present : on;
        clock : tck;
      }
      // no need because NCPINDEXDECODER exist      NcpOptions { }
      Connections {
        shift_clock_src : shift_clock_src_p;
        scan_en_in : scan_en;
      }
    }
    //        controller_chain_enable : msrv32_top_rtl1_tessent_tdr_sri_ctrl; 
    NcpIndexDecoder {
      Ncp(clk_occ_ncp) {
        cycle(0) : OCC(ms_riscv32_mp_clk_in_p);
        cycle(1) : OCC(ms_riscv32_mp_clk_in_p);
      }
      Ncp(ramclk_occ_ncp) {
        cycle(0) : OCC(ramclk_p);
        cycle(1) : OCC(ramclk_p);
      }
      Ncp(ALL_occ_ncp) {
        cycle(0) : OCC(ms_riscv32_mp_clk_in_p), OCC(ramclk_p);
      }
      Ncp(sti_occ_ncp) {
        cycle(0) : OCC(ms_riscv32_mp_clk_in_p);
        cycle(1) : OCC(ms_riscv32_mp_clk_in_p);
      }
    }
  }
  EDT {
    ijtag_host_interface : Sib(edt);
    Controller(c0) {
      Compactor {
        type : basic;
      }
      longest_chain_range : 20, 60;
      scan_chain_count : 10;
      input_channel_count : 1;
      output_channel_count : 1;
      Connections {
        EdtChannelsIn(1) {
          port_pin_name : edt_channel_in1_p;
        }
        EdtChannelsOut(1) {
          port_pin_name : edt_channel_out1_p;
        }
      }
      ShiftPowerOptions {
        present : on;
        min_switching_threshold_percentage : 15;
      }
      LogicBistOptions {
        misr_input_ratio : 1;
        chain_mask_register_ratio : 1;
        ShiftPowerOptions {
          present : on;
          default_operation : disabled;
          SwitchingThresholdPercentage {
            min : 25;
          }
        }
      }
    }
  }
}
ANALYSIS> process_dft_specification
//  
//  Begin processing of /DftSpecification(msrv32_top,pass2_rtl)
//    --- IP generation phase ---
//    Validation of IjtagNetwork
//  Error: /DftSpecification(msrv32_top,pass2_rtl)/IjtagNetwork/HostScanInterface(tap)/Interface/daisy_chain_with_existing_client
//         The property daisy_chain_with_existing_client was set to 'auto' and
//         the tdo pad has a functional connection made to it. This error
//         will go away if you specify daisy_chain_with_existing_client to 'on'
//         however, this may result in a non 1149.1 compliant configuration.
//    Validation of OCC
//    Validation of EDT
//  Warning: /DftSpecification(msrv32_top,pass2_rtl)/EDT/Controller(c0)/LogicBistOptions/ShiftPowerOptions/SwitchingThresholdPercentage/min
//           Read from file: ../logic_instruments_main.dfpspec, line number: 83
//           It is recommended to remove the 'min' property and use 'hardware_default' instead.
//           This message might become an error in future versions of Tessent Shell.
//  Error: /DftSpecification(msrv32_top,pass2_rtl)/EDT/Controller(c0)/Connections/EdtChannelsOut(1)/port_pin_name
//         Read from file: ../logic_instruments_main.dfpspec, line number: 69
//         The specified output connection ('edt_channel_out1_p')
//         cannot be created because it already has a functional source.
//    Validation of LogicBist
//  Error: /DftSpecification(msrv32_top,pass2_rtl)/LogicBist/NcpIndexDecoder
//         Read from file: ../logic_instruments_main.dfpspec, line number: 36
//         'Sti_occ' is not used in any NCP.
//  Error: /DftSpecification(msrv32_top,pass2_rtl)/LogicBist
//         Read from file: ../logic_instruments_main.dfpspec, line number: 12
//         Required dft signal 'x_bounding_en' does not exist.
//  Warning: /DftSpecification(msrv32_top,pass2_rtl)/LogicBist
//           Read from file: ../logic_instruments_main.dfpspec, line number: 12
//           The following dft signals do not exist, corresponding functionality will not be available in LBIST mode:
//               observe_test_point_en, control_test_point_en and mcp_bounding_en
//  
//  Done  processing of DftSpecification(msrv32_top,pass2_rtl)
//  
ANALYSIS> add_dft_signals x_bounding_en observe_test_point_en control_test_point_en mcp_bounding_en
//  Error: Command 'add_dft_signals' is not available in the current system mode.
//         It is available in the following system modes: setup.
ANALYSIS> set_system_mode setup
SETUP> set_system_mode setup[8Gadd_dft_signals x_bounding_en observe_test_point_en control_test_point_en mcp_bounding_en
SETUP> add_dft_signals x_bounding_en observe_test_point_en control_test_point_en mcp_bounding_en[8Gset_system_mode setup[K[8Gadd_dft_signals x_bounding_en observe_test_point_en control_test_point_en mcp_bounding_en[8Gprocess_dft_specification[K[8Greport_config_data $spec[K[10Gad_config_data ../logic_instruments_main.dfpspec -in_wrapper $spec -replace[10Gport_config_data $spec[K[8Gset spec [create_dft_specification -sti_sib_list {edt occ lbist}][8Gcheck_design_rules[K[8Gadd_clocks [get_ports ms_riscv32_mp_clk_in] -period 6ns -label clk[8Gcheck_design_rules[K
//  Warning: Flattened model deleted.
//  Warning: Rule FN4 violation occurs 2 times
//  Flattening process completed, cell instances=25870, gates=41940, PIs=154, POs=107, CPU time=0.31 sec.
//  ---------------------------------------------------------------------------
//  Begin circuit learning analyses.
//  --------------------------------
//  Learning completed, CPU time=0.15 sec.
//  Note: There was 1 'add_dft_control_points -type async_set_reset' command inferred from DRC. Use report_dft_control_points to see it.
//  36 gates may have an observable X-state. (E5)
//  Warning: There were 71 BUS gates which may have possible contention. (E10)
//  ATPG bus checking results: pass=0, bidi=0, fail=71, abort=0, CPU time=0.01 sec.
ANALYSIS> check_design_rules[11Gadd_dft_signals x_bounding_en observe_test_point_en control_test_point_en mcp_bounding_en[11Gset_system_mode setup[K[11Gadd_dft_signals x_bounding_en observe_test_point_en control_test_point_en mcp_bounding_en[11Gprocess_dft_specification[K
//  
//  Begin processing of /DftSpecification(msrv32_top,pass2_rtl)
//    --- IP generation phase ---
//    Validation of IjtagNetwork
//  Error: /DftSpecification(msrv32_top,pass2_rtl)/IjtagNetwork/HostScanInterface(tap)/Interface/daisy_chain_with_existing_client
//         The property daisy_chain_with_existing_client was set to 'auto' and
//         the tdo pad has a functional connection made to it. This error
//         will go away if you specify daisy_chain_with_existing_client to 'on'
//         however, this may result in a non 1149.1 compliant configuration.
//    Validation of OCC
//    Validation of EDT
//  Warning: /DftSpecification(msrv32_top,pass2_rtl)/EDT/Controller(c0)/LogicBistOptions/ShiftPowerOptions/SwitchingThresholdPercentage/min
//           Read from file: ../logic_instruments_main.dfpspec, line number: 83
//           It is recommended to remove the 'min' property and use 'hardware_default' instead.
//           This message might become an error in future versions of Tessent Shell.
//  Error: /DftSpecification(msrv32_top,pass2_rtl)/EDT/Controller(c0)/Connections/EdtChannelsOut(1)/port_pin_name
//         Read from file: ../logic_instruments_main.dfpspec, line number: 69
//         The specified output connection ('edt_channel_out1_p')
//         cannot be created because it already has a functional source.
//    Validation of LogicBist
//  Error: /DftSpecification(msrv32_top,pass2_rtl)/LogicBist/NcpIndexDecoder
//         Read from file: ../logic_instruments_main.dfpspec, line number: 36
//         'Sti_occ' is not used in any NCP.
//  
//  Done  processing of DftSpecification(msrv32_top,pass2_rtl)
//  
ANALYSIS> daisy_chain_with_existing_client on
//  Error: Command 'daisy_chain_with_existing_client on' is unknown
ANALYSIS> da[K[Kset_system_mode seytup[K[K[K[Ktup
SETUP> da\\[K[K[K[Kset_system_mode setup[8Gdaisy_chain_with_existing_client on
//  Error: Command 'daisy_chain_with_existing_client on' is unknown
SETUP> daisy_chain_with_existing_client on[K[Kauto
//  Error: Command 'daisy_chain_with_existing_client auto' is unknown
SETUP> da[K[Kdaisy_chain_with_existing_client auto
//  Error: Command 'daisy_chain_with_existing_client auto' is unknown
SETUP> daisy_chain_with_existing_client auto[K[K[K[K[K[K[K[K[K[K[K[K[K[K[K[K[K[K[K[K[K[K[K[K[K[K[K[K[K[K[K[K[K[K[K[Ksetmo[K[K_system_mode analysis
//  Warning: Flattened model deleted.
//  Warning: Rule FN4 violation occurs 2 times
//  Flattening process completed, cell instances=25870, gates=41940, PIs=154, POs=107, CPU time=0.19 sec.
//  ---------------------------------------------------------------------------
//  Begin circuit learning analyses.
//  --------------------------------
//  Learning completed, CPU time=0.14 sec.
//  Note: There was 1 'add_dft_control_points -type async_set_reset' command inferred from DRC. Use report_dft_control_points to see it.
//  36 gates may have an observable X-state. (E5)
//  Warning: There were 71 BUS gates which may have possible contention. (E10)
//  ATPG bus checking results: pass=0, bidi=0, fail=71, abort=0, CPU time=0.01 sec.
ANALYSIS> set_system_mode analysis[11Gdaisy_chain_with_existing_client autoon[K[11Gset_system_mode setup[K[11Gdaisy_chain_with_existing_client on[11Gprocess_dft_specification[K[11Gdaisy_chain_with_existing_client on[11Gprocess_dft_specification[K
//  
//  Begin processing of /DftSpecification(msrv32_top,pass2_rtl)
//    --- IP generation phase ---
//    Validation of IjtagNetwork
//  Error: /DftSpecification(msrv32_top,pass2_rtl)/IjtagNetwork/HostScanInterface(tap)/Interface/daisy_chain_with_existing_client
//         The property daisy_chain_with_existing_client was set to 'auto' and
//         the tdo pad has a functional connection made to it. This error
//         will go away if you specify daisy_chain_with_existing_client to 'on'
//         however, this may result in a non 1149.1 compliant configuration.
//    Validation of OCC
//    Validation of EDT
//  Warning: /DftSpecification(msrv32_top,pass2_rtl)/EDT/Controller(c0)/LogicBistOptions/ShiftPowerOptions/SwitchingThresholdPercentage/min
//           Read from file: ../logic_instruments_main.dfpspec, line number: 83
//           It is recommended to remove the 'min' property and use 'hardware_default' instead.
//           This message might become an error in future versions of Tessent Shell.
//  Error: /DftSpecification(msrv32_top,pass2_rtl)/EDT/Controller(c0)/Connections/EdtChannelsOut(1)/port_pin_name
//         Read from file: ../logic_instruments_main.dfpspec, line number: 69
//         The specified output connection ('edt_channel_out1_p')
//         cannot be created because it already has a functional source.
//    Validation of LogicBist
//  Error: /DftSpecification(msrv32_top,pass2_rtl)/LogicBist/NcpIndexDecoder
//         Read from file: ../logic_instruments_main.dfpspec, line number: 36
//         'Sti_occ' is not used in any NCP.
//  
//  Done  processing of DftSpecification(msrv32_top,pass2_rtl)
//  
ANALYSIS> da[K[Ks[Kexit
